Date,Daily_Return,Cumulative_Return,Equity,ABN_NA_Equity_BPSO_IM_Equity_return,ACA_FP_Equity_BPSO_IM_Equity_return,BPSO_IM_Equity_ISP_IM_Equity_return,DNB_NO_Equity_NDA_FH_Equity_return,JYSK_DC_Equity_SYDB_DC_Equity_return
2021-11-01,0.0,0.0,1000.0,0.0,0.0,0.0,0.0,0.0
2021-11-02,0.0,0.0,1000.0,0.0,0.0,0.0,0.0,0.0
2021-11-03,0.0,0.0,1000.0,0.0,0.0,0.0,0.0,0.0
2021-11-04,0.0,0.0,1000.0,0.0,0.0,0.0,0.0,0.0
2021-11-05,0.0,0.0,1000.0,0.0,0.0,0.0,0.0,0.0
2021-11-08,0.0,0.0,1000.0,0.0,0.0,0.0,0.0,0.0
2021-11-09,0.0,0.0,1000.0,0.0,0.0,0.0,0.0,0.0
2021-11-10,0.0,0.0,1000.0,0.0,0.0,0.0,0.0,0.0
2021-11-11,0.0,0.0,1000.0,0.0,0.0,0.0,0.0,0.0
2021-11-12,0.0,0.0,1000.0,0.0,0.0,0.0,0.0,0.0
2021-11-15,0.0,0.0,1000.0,0.0,0.0,0.0,0.0,0.0
2021-11-16,0.0,0.0,1000.0,0.0,0.0,0.0,0.0,0.0
2021-11-17,0.0,0.0,1000.0,0.0,0.0,0.0,0.0,0.0
2021-11-18,0.0,0.0,1000.0,0.0,0.0,0.0,0.0,0.0
2021-11-19,0.0,0.0,1000.0,0.0,0.0,0.0,0.0,0.0
2021-11-22,0.0,0.0,1000.0,0.0,0.0,0.0,0.0,0.0
2021-11-23,0.0,0.0,1000.0,0.0,0.0,0.0,0.0,0.0
2021-11-24,0.0,0.0,1000.0,0.0,0.0,0.0,0.0,0.0
2021-11-25,0.0,0.0,1000.0,0.0,0.0,0.0,0.0,0.0
2021-11-26,0.0,0.0,1000.0,0.0,0.0,0.0,0.0,0.0
2021-11-29,0.0,0.0,1000.0,0.0,0.0,0.0,0.0,0.0
2021-11-30,0.0,0.0,1000.0,0.0,0.0,0.0,0.0,0.0
2021-12-01,0.0,0.0,1000.0,0.0,0.0,0.0,0.0,0.0
2021-12-02,0.0,0.0,1000.0,0.0,0.0,0.0,0.0,0.0
2021-12-03,0.0,0.0,1000.0,0.0,0.0,0.0,0.0,0.0
2021-12-06,0.0,0.0,1000.0,0.0,0.0,0.0,0.0,0.0
2021-12-07,0.0,0.0,1000.0,0.0,0.0,0.0,0.0,0.0
2021-12-08,0.0,0.0,1000.0,0.0,0.0,0.0,0.0,0.0
2021-12-09,0.0,0.0,1000.0,0.0,0.0,0.0,0.0,0.0
2021-12-10,0.0,0.0,1000.0,0.0,0.0,0.0,0.0,0.0
2021-12-13,0.0,0.0,1000.0,0.0,0.0,0.0,0.0,0.0
2021-12-14,0.0,0.0,1000.0,0.0,0.0,0.0,0.0,0.0
2021-12-15,0.0,0.0,1000.0,0.0,0.0,0.0,0.0,0.0
2021-12-16,0.0,0.0,1000.0,0.0,0.0,0.0,0.0,0.0
2021-12-17,0.0,0.0,1000.0,0.0,0.0,0.0,0.0,0.0
2021-12-20,0.0,0.0,1000.0,0.0,0.0,0.0,0.0,0.0
2021-12-21,0.0,0.0,1000.0,0.0,0.0,0.0,0.0,0.0
2021-12-22,0.0,0.0,1000.0,0.0,0.0,0.0,0.0,0.0
2021-12-23,0.0,0.0,1000.0,0.0,0.0,0.0,0.0,0.0
2021-12-24,0.0,0.0,1000.0,0.0,0.0,0.0,0.0,0.0
2021-12-27,0.0,0.0,1000.0,0.0,0.0,0.0,0.0,0.0
2021-12-28,0.0,0.0,1000.0,0.0,0.0,0.0,0.0,0.0
2021-12-29,0.0,0.0,1000.0,0.0,0.0,0.0,0.0,0.0
2021-12-30,0.003971540386022388,0.003971540386022321,1003.9715403860223,0.0,0.0,0.019857701930111937,0.0,0.0
2021-12-31,0.0008568708346556431,0.00483181431780344,1004.8318143178035,0.0,0.004284354173278215,0.0,0.0,0.0
2022-01-03,0.0018714800074983717,0.0067123369691974855,1006.7123369691975,0.0,0.009357400037491859,0.0,0.0,0.0
2022-01-04,0.0020203225109451496,0.008746220565622576,1008.7462205656226,0.0,0.0,0.0,0.0,0.010101612554725747
2022-01-05,0.0,0.008746220565622576,1008.7462205656226,0.0,0.0,0.0,0.0,0.0
2022-01-06,-0.004832493830921792,0.0038714606777736638,1003.8714606777737,-0.014031755427242998,0.0,0.0,0.0,-0.010130713727365959
2022-01-07,-0.0031190695211594562,0.0007403158016117128,1000.7403158016117,-0.010897318639534914,-0.02307938310063551,0.0,0.0,0.01838135413437314
2022-01-10,-0.010124923646135375,-0.009392103485489023,990.607896514511,-0.01037162126450708,-0.040252996966169796,0.0,0.0,0.0
2022-01-11,0.0295514485445205,0.01988179479615515,1019.8817947961552,0.060041771832731294,0.0877154708898712,0.0,0.0,0.0
2022-01-12,0.0011797459922223475,0.02108499625610638,1021.0849962561064,0.0,0.016480314429144993,0.0,0.0,-0.010581584468033256
2022-01-13,-0.013130108716636802,0.007678039246337143,1007.6780392463371,0.0,0.0,0.0,0.0,-0.065650543583184
2022-01-14,0.0,0.007678039246337143,1007.6780392463371,0.0,0.0,0.0,0.0,0.0
2022-01-17,0.0,0.007678039246337143,1007.6780392463371,0.0,0.0,0.0,0.0,0.0
2022-01-18,0.0,0.007678039246337143,1007.6780392463371,0.0,0.0,0.0,0.0,0.0
2022-01-19,-0.0015782347122735186,0.0060876867860029105,1006.0876867860029,-0.0015821323759981354,-0.006309041185369457,0.0,0.0,0.0
2022-01-20,0.003168446784025325,0.009275422081647555,1009.2754220816475,0.0073951384226306205,0.008447095497496004,0.0,0.0,0.0
2022-01-21,0.004224488030862039,0.013539094022074538,1013.5390940220746,0.009679441804024469,0.011442998350285727,0.0,0.0,0.0
2022-01-24,-0.002216390252934253,0.011292695853116097,1011.2926958531161,0.0,-0.011081951264671264,0.0,0.0,0.0
2022-01-25,-5.0869298533573476e-05,0.011241252103065813,1011.2412521030658,0.0,-0.00025434649266786735,0.0,0.0,0.0
2022-01-26,-3.537976641876384e-07,0.01124089432827291,1011.2408943282729,0.0,-1.7689883209381918e-06,0.0,0.0,0.0
2022-01-27,0.0022022879284793184,0.013467937942636787,1013.4679379426368,0.007530351624213338,0.0034810880181832538,0.0,0.0,0.0
2022-01-28,0.0005825672626991407,0.014058351185077367,1014.0583511850774,0.005314599992859659,-0.002401763679363955,0.0,0.0,0.0
2022-01-31,0.0010300661685353153,0.015102898385553898,1015.1028983855539,0.0,0.005150330842676576,0.0,0.0,0.0
2022-02-01,0.0,0.015102898385553898,1015.1028983855539,0.0,0.0,0.0,0.0,0.0
2022-02-02,0.0,0.015102898385553898,1015.1028983855539,0.0,0.0,0.0,0.0,0.0
2022-02-03,0.0,0.015102898385553898,1015.1028983855539,0.0,0.0,0.0,0.0,0.0
2022-02-04,0.0,0.015102898385553898,1015.1028983855539,0.0,0.0,0.0,0.0,0.0
2022-02-07,0.0,0.015102898385553898,1015.1028983855539,0.0,0.0,0.0,0.0,0.0
2022-02-08,0.007063375930803462,0.02227295176529931,1022.2729517652994,0.0,0.03531687965401731,0.0,0.0,0.0
2022-02-09,0.0005994473135599421,0.022885750539960004,1022.88575053996,0.0,0.0,0.0,0.0,0.0029972365677997104
2022-02-10,-0.004435662650602401,0.018348574420456565,1018.3485744204565,0.0,0.0,0.0,0.0,-0.022178313253012005
2022-02-11,0.004841653494889742,0.023279065354815165,1023.2790653548152,0.0,0.0,0.0,0.0,0.024208267474448708
2022-02-14,0.0,0.023279065354815165,1023.2790653548152,0.0,0.0,0.0,0.0,0.0
2022-02-15,-0.0002558735162965675,0.02301723534221023,1023.0172353422103,0.0,0.0,0.0,-0.0012793675814828376,0.0
2022-02-16,0.0017478765932426032,0.02480534322234873,1024.8053432223487,0.0,0.0,0.0,0.008739382966213016,0.0
2022-02-17,-0.0014680373927820067,0.023300890658175533,1023.3008906581755,0.0,0.0,0.0,-0.007340186963910034,0.0
2022-02-18,0.0019725054516482213,0.025319357243675178,1025.319357243675,0.0,0.0,0.0,0.009862527258241105,0.0
2022-02-21,0.0027495662056012285,0.028138540698301018,1028.138540698301,0.0038520266113831747,0.009895804416622966,0.0,0.0,0.0
2022-02-22,0.009461213302441696,0.0378659787363087,1037.8659787363088,0.027958513251720607,0.01934755326048787,0.0,0.0,0.0
2022-02-23,0.0,0.0378659787363087,1037.8659787363088,0.0,0.0,0.0,0.0,0.0
2022-02-24,0.0019174227018722066,0.039856006525438525,1039.8560065254385,-0.005255778071995176,0.014521217857706437,0.0,0.0,0.00032167372364977354
2022-02-25,0.005189142479162756,0.04525196750111227,1045.2519675011122,0.0027755356773266904,-0.00020506050116853025,0.0,0.0,0.02337523721965562
2022-02-28,-0.0036624346887355274,0.04142380043686722,1041.4238004368672,-0.02313720365094607,0.004825030207268433,0.0,0.0,0.0
2022-03-01,0.0037053151003303645,0.04528260377046944,1045.2826037704694,0.01852657550165182,0.0,0.0,0.0,0.0
2022-03-02,0.00038307596552678014,0.045683026413157135,1045.6830264131572,0.0,0.0019153798276339007,0.0,0.0,0.0
2022-03-03,0.004240810546504048,0.05011757001987016,1050.11757001987,0.0,0.02120405273252024,0.0,0.0,0.0
2022-03-04,0.0,0.05011757001987016,1050.11757001987,0.0,0.0,0.0,0.0,0.0
2022-03-07,0.011614916471793912,0.06231459788121407,1062.314597881214,0.03790040432258324,0.020174178036386325,0.0,0.0,0.0
2022-03-08,0.005860237799401303,0.06854001404257337,1068.5400140425734,0.0,0.02930118899700651,0.0,0.0,0.0
2022-03-09,0.0,0.06854001404257337,1068.5400140425734,0.0,0.0,0.0,0.0,0.0
2022-03-10,0.0,0.06854001404257337,1068.5400140425734,0.0,0.0,0.0,0.0,0.0
2022-03-11,0.0,0.06854001404257337,1068.5400140425734,0.0,0.0,0.0,0.0,0.0
2022-03-14,0.0,0.06854001404257337,1068.5400140425734,0.0,0.0,0.0,0.0,0.0
2022-03-15,0.0,0.06854001404257337,1068.5400140425734,0.0,0.0,0.0,0.0,0.0
2022-03-16,0.0,0.06854001404257337,1068.5400140425734,0.0,0.0,0.0,0.0,0.0
2022-03-17,0.0,0.06854001404257337,1068.5400140425734,0.0,0.0,0.0,0.0,0.0
2022-03-18,-0.0014655500570993853,0.06697401516398038,1066.9740151639803,0.0,0.0,-0.007327750285496926,0.0,0.0
2022-03-21,-0.002493817524820363,0.06431317666643643,1064.3131766664364,0.0,0.0,-0.015459145626930626,0.0,0.0029900580028288104
2022-03-22,5.787152036789149e-05,0.06437477008811765,1064.3747700881177,0.0,-0.0026073416151033424,-0.0029176218723039327,0.0,0.005814321089246732
2022-03-23,-0.006325588308391428,0.0576419734867013,1057.6419734867013,0.0,-0.005978250303551924,-0.025649691238405214,0.0,0.0
2022-03-24,-0.007418580224478211,0.04979577165761473,1049.7957716576148,0.0,-0.015485450288371339,-0.021607450834019715,0.0,0.0
2022-03-25,0.01602138930333812,0.06661495840433962,1066.6149584043396,0.0,0.019428712578683727,0.060678233938006865,0.0,0.0
2022-03-28,-9.429433306280561e-05,0.06651438265820198,1066.514382658202,0.010673218110445859,0.0,0.0,0.0,-0.011144689775759886
2022-03-29,0.00662080847820623,0.07357557012503424,1073.5755701250343,0.025490971577488475,0.0,0.0,0.0,0.007613070813542677
2022-03-30,0.002347829175595839,0.07609614217078065,1076.0961421707807,0.0,0.0,0.0,0.0,0.011739145877979196
2022-03-31,0.007831969062816801,0.0845240938648788,1084.5240938648788,0.0,0.0,0.0,0.0,0.03915984531408401
2022-04-01,0.0,0.0845240938648788,1084.5240938648788,0.0,0.0,0.0,0.0,0.0
2022-04-04,0.0,0.0845240938648788,1084.5240938648788,0.0,0.0,0.0,0.0,0.0
2022-04-05,-0.0036919646612322055,0.0805200692360748,1080.5200692360747,0.0,0.0,-0.018459823306161027,0.0,0.0
2022-04-06,0.00028706485831435645,0.08083024857665588,1080.8302485766558,0.0,0.0,0.0014353242915717823,0.0,0.0
2022-04-07,-0.002322451236772283,0.07832007302910804,1078.320073029108,0.0,0.0,-0.011612256183861414,0.0,0.0
2022-04-08,-0.006539023299672176,0.0712689129470665,1071.2689129470666,0.0,0.0,-0.03269511649836088,0.0,0.0
2022-04-11,-0.0019166955767791817,0.06921561656007968,1069.2156165600798,0.0,0.0,-0.009583477883895908,0.0,0.0
2022-04-12,0.007743663941726276,0.07749526297596665,1077.4952629759666,0.0,0.0,0.01004221032595587,0.0,0.028676109382675508
2022-04-13,-0.0034438246058932087,0.07378455827659658,1073.7845582765965,0.0,0.0,-0.017219123029466044,0.0,0.0
2022-04-14,0.00022283073409505862,0.07402383047797723,1074.0238304779773,0.0,0.0,0.001114153670475293,0.0,0.0
2022-04-19,0.007716590298227777,0.08231163234830885,1082.3116323483089,0.0,0.0,0.038582951491138884,0.0,0.0
2022-04-20,-0.009007440232608622,0.07256277500687447,1072.5627750068745,-0.028882337185060836,-0.01615486397798227,0.0,0.0,0.0
2022-04-21,-0.0031825204054535044,0.06914932208928515,1069.149322089285,0.0,-0.004903108356381303,0.0,0.0,-0.011009493670886217
2022-04-22,-0.0025807603278082515,0.06639010393433398,1066.3901039343339,0.0,0.004943905685491412,0.0,0.0,-0.01784770732453267
2022-04-25,0.003757618234345195,0.07039719083380303,1070.397190833803,0.0,0.0021205153645607044,0.0,0.0,0.01666757580716527
2022-04-26,0.006641222782653644,0.07750593704405695,1077.505937044057,0.0,-0.0035938860867317235,0.0,0.0,0.036799999999999944
2022-04-27,0.006924052681607496,0.08496664491689487,1084.966644916895,0.0,0.03462026340803748,0.0,0.0,0.0
2022-04-28,0.0,0.08496664491689487,1084.966644916895,0.0,0.0,0.0,0.0,0.0
2022-04-29,0.0,0.08496664491689487,1084.966644916895,0.0,0.0,0.0,0.0,0.0
2022-05-02,0.0,0.08496664491689487,1084.966644916895,0.0,0.0,0.0,0.0,0.0
2022-05-03,0.0,0.08496664491689487,1084.966644916895,0.0,0.0,0.0,0.0,0.0
2022-05-04,0.0,0.08496664491689487,1084.966644916895,0.0,0.0,0.0,0.0,0.0
2022-05-05,0.007797092025152464,0.09342622969153269,1093.4262296915326,0.03898546012576232,0.0,0.0,0.0,0.0
2022-05-06,0.0,0.09342622969153269,1093.4262296915326,0.0,0.0,0.0,0.0,0.0
2022-05-09,0.0,0.09342622969153269,1093.4262296915326,0.0,0.0,0.0,0.0,0.0
2022-05-10,-0.0003600663758723144,0.09303252367172399,1093.032523671724,0.0,0.0,0.0,0.0,-0.001800331879361572
2022-05-11,0.0034955208678133956,0.09685324166741727,1096.8532416674173,0.0,0.0,0.0,0.0,0.017477604339066977
2022-05-12,0.0,0.09685324166741727,1096.8532416674173,0.0,0.0,0.0,0.0,0.0
2022-05-13,0.0,0.09685324166741727,1096.8532416674173,0.0,0.0,0.0,0.0,0.0
2022-05-16,0.0,0.09685324166741727,1096.8532416674173,0.0,0.0,0.0,0.0,0.0
2022-05-17,0.0006154589760494211,0.09752830984041028,1097.5283098404102,0.0030772948802471056,0.0,0.0,0.0,0.0
2022-05-18,0.022748518790928783,0.12249545322039124,1122.4954532203913,0.11188810311031805,0.0,0.0,0.0,0.0018544908443258734
2022-05-19,-0.0010094446423344118,0.12136235619909308,1121.362356199093,0.0,0.0,0.0,0.0,-0.005047223211672058
2022-05-20,-0.0022527425225582934,0.11883621553608736,1118.8362155360874,0.0,0.0,0.0,0.0,-0.011263712612791466
2022-05-23,-0.004754060716217579,0.11351720023592571,1113.5172002359257,0.0,-0.011320773741653412,0.0,0.0,-0.012449529839434481
2022-05-24,0.0029493474027351145,0.1168013492983424,1116.8013492983423,0.0,0.02708504324768013,0.0,0.0,-0.012338306234004559
2022-05-25,0.0011064026169730569,0.11803698123384532,1118.0369812338454,0.0,0.004732412884965065,0.0,0.0,0.0007996001999002189
2022-05-26,0.0048091821350252145,0.1234138247102925,1123.4138247102926,0.02404591067512607,0.0,0.0,0.0,0.0
2022-05-27,-0.002647782638965368,0.12043926908885094,1120.439269088851,-0.002048567905646115,-0.011190345289180725,0.0,0.0,0.0
2022-05-30,0.024799813810368002,0.14822595434807928,1148.2259543480793,0.01624782917644385,0.15235523450583188,0.0,0.0,-0.04460399463043574
2022-05-31,-0.001255559191577027,0.14678428869709026,1146.7842886970902,-0.016293216554207235,0.0,0.0,0.0,0.0100154205963221
2022-06-01,0.002549648023279594,0.14970818499189487,1149.7081849918948,0.009679209325282434,0.0,0.0,0.0,0.0030690307911155346
2022-06-02,-0.006011208965875037,0.14279704884213174,1142.7970488421317,-0.030056044829375184,0.0,0.0,0.0,0.0
2022-06-03,0.0035880675080850024,0.1468974818014177,1146.8974818014176,0.01794033754042501,0.0,0.0,0.0,0.0
2022-06-06,-0.004328819490123603,0.14193276962902202,1141.932769629022,-0.021644097450618016,0.0,0.0,0.0,0.0
2022-06-07,-0.0008236255083884814,0.14099224467109095,1140.992244671091,-0.004118127541942407,0.0,0.0,0.0,0.0
2022-06-08,8.536248433399507e-05,0.14108964260370183,1141.0896426037018,0.00042681242166997535,0.0,0.0,0.0,0.0
2022-06-09,-0.0041292358877099925,0.13637781430036844,1136.3778143003685,-0.02064617943854996,0.0,0.0,0.0,0.0
2022-06-10,-0.02300892973155959,0.11023097702262796,1110.230977022628,-0.11504464865779795,0.0,0.0,0.0,0.0
2022-06-13,-0.0024915447035703366,0.1074647869120875,1107.4647869120874,-0.012457723517851682,0.0,0.0,0.0,0.0
2022-06-14,-0.005488886035582974,0.10138603890830589,1101.3860389083059,-0.02398347705209769,0.0,0.0,0.0,-0.003460953125817179
2022-06-15,0.006648760110777996,0.10870889047036725,1108.7088904703674,0.03599790559713778,0.0,0.0,0.0,-0.002754105043247801
2022-06-16,-0.01230356285280958,0.0950678209509963,1095.0678209509963,-0.02475009390586469,0.0,0.0,0.0,-0.03676772035818321
2022-06-17,-0.016492233734439577,0.07700770649280919,1077.0077064928091,-0.08246116867219788,0.0,0.0,0.0,0.0
2022-06-20,-0.007083085391252553,0.06937916894068352,1069.3791689406835,-0.03541542695626276,0.0,0.0,0.0,0.0
2022-06-21,-0.015377947011503412,0.052934312745508194,1052.9343127455081,-0.054156902858015554,0.0,0.0,0.0,-0.022732832199501507
2022-06-22,-0.005909204185397288,0.04671230889768396,1046.712308897684,-0.020390595217646856,0.0,0.0,0.0,-0.009155425709339582
2022-06-23,0.01144690758765108,0.0586939279684926,1058.6939279684925,0.027119370087238526,0.0,0.0,0.0,0.030115167851016866
2022-06-24,-0.0007399474987351607,0.057910550044566245,1057.9105500445662,-0.01077539392491067,0.020281576961292735,0.0,0.0,-0.013205920530057869
2022-06-27,-0.0032774805335896054,0.05444326881051609,1054.4432688105162,-0.016387402667948026,0.0,0.0,0.0,0.0
2022-06-28,0.0014466546112115175,0.05596868402760169,1055.9686840276017,0.0072332730560575875,0.0,0.0,0.0,0.0
2022-06-29,0.0265534590158784,0.08400830520097968,1084.0083052009797,0.132767295079392,0.0,0.0,0.0,0.0
2022-06-30,0.0,0.08400830520097968,1084.0083052009797,0.0,0.0,0.0,0.0,0.0
2022-07-01,0.003545797357952041,0.08785197898555941,1087.8519789855593,0.0,0.0,0.0,0.0,0.017728986789760204
2022-07-04,0.0,0.08785197898555941,1087.8519789855593,0.0,0.0,0.0,0.0,0.0
2022-07-05,0.0,0.08785197898555941,1087.8519789855593,0.0,0.0,0.0,0.0,0.0
2022-07-06,-0.0010225712152052812,0.08673957286544454,1086.7395728654446,0.0,-0.005112856076026406,0.0,0.0,0.0
2022-07-07,-0.0019013162661801087,0.08467333723845383,1084.6733372384538,0.0,-0.009506581330900543,0.0,0.0,0.0
2022-07-08,-0.0020674914181951108,0.08243078442216834,1082.4307844221682,0.0,-0.011542637999664151,0.0,0.0,0.0012051809086885967
2022-07-11,-0.0015757673009342721,0.0807251253865513,1080.7251253865513,0.0,-0.006213718984905414,0.0,0.0,-0.0016651175197659462
2022-07-12,0.000552205430267816,0.0813219076694165,1081.3219076694165,0.0,0.006545524490557786,0.0,0.0,-0.0037844973392187065
2022-07-13,0.0028765970295770993,0.0844324350570349,1084.4324350570348,0.0,0.004738383133805368,0.0,0.0,0.009644602014080128
2022-07-14,0.0010189504952394346,0.08553741802379,1085.53741802379,0.0,0.0,0.0,0.0,0.005094752476197173
2022-07-15,0.002272187053056385,0.08800396209063188,1088.0039620906318,0.0,-0.005224927904980081,0.0,0.0,0.016585863170262005
2022-07-18,-0.002125886626809548,0.08569098901770755,1085.6909890177076,0.0,-0.0075285458532339256,0.0,0.0,-0.0031008872808138133
2022-07-19,0.0023008730336698145,0.08818902613723667,1088.1890261372366,0.0,0.022411616161616132,0.0,0.0,-0.01090725099326706
2022-07-20,0.005212732175154855,0.09386146408643281,1093.8614640864328,0.026720070870934642,0.0,0.0,0.0,-0.0006564099951603675
2022-07-21,0.0017177193912945698,0.09574041113468379,1095.7404111346839,0.0,-0.0025279717038314553,0.0,0.0,0.011116568660304305
2022-07-22,-0.00019682040006892,0.09552474706859249,1095.5247470685924,0.0,-0.0009841020003446,0.0,0.0,0.0
2022-07-25,-0.0006843225367205275,0.09477505479463844,1094.7750547946384,0.0,-0.0034216126836026373,0.0,0.0,0.0
2022-07-26,-0.00367712492612875,0.0907494301521492,1090.7494301521492,0.0,-0.01838562463064375,0.0,0.0,0.0
2022-07-27,-0.0007241134937925331,0.08995960377142942,1089.9596037714293,0.0,-0.0036205674689626655,0.0,0.0,0.0
2022-07-28,0.0003651844461373344,0.09035764006564495,1090.357640065645,0.0,0.0018259222306866718,0.0,0.0,0.0
2022-07-29,0.0004001306832893903,0.09079392561319422,1090.7939256131942,0.0,0.0020006534164469514,0.0,0.0,0.0
2022-08-01,-0.0004631050255843761,0.09028877346436581,1090.2887734643657,0.0,-0.0023155251279218803,0.0,0.0,0.0
2022-08-02,0.00019076143598417694,0.09049675851642935,1090.4967585164293,0.0,0.0009538071799208847,0.0,0.0,0.0
2022-08-03,0.0,0.09049675851642935,1090.4967585164293,0.0,0.0,0.0,0.0,0.0
2022-08-04,0.0,0.09049675851642935,1090.4967585164293,0.0,0.0,0.0,0.0,0.0
2022-08-05,-0.0031642164943029186,0.08704619068614794,1087.0461906861478,-0.00623026031683005,-0.009590822154684542,0.0,0.0,0.0
2022-08-08,0.0009444326478164726,0.08807283259831644,1088.0728325983164,0.0547932882814246,-0.050071125042342235,0.0,0.0,0.0
2022-08-09,-0.007677185382103402,0.07971949575322879,1079.7194957532288,0.0,-0.03838592691051701,0.0,0.0,0.0
2022-08-10,-0.004802155093981408,0.07453451527662636,1074.5345152766263,0.0,-0.024010775469907042,0.0,0.0,0.0
2022-08-11,-0.007102309712658217,0.06690283835219057,1066.9028383521907,0.0,-0.03230987500467042,0.0,0.0,-0.0032016735586206657
2022-08-12,0.03378452537036343,0.10294764436221304,1102.947644362213,0.0,0.1252890816234753,0.0,0.0,0.04363354522834184
2022-08-15,0.0,0.10294764436221304,1102.947644362213,0.0,0.0,0.0,0.0,0.0
2022-08-16,0.0,0.10294764436221304,1102.947644362213,0.0,0.0,0.0,0.0,0.0
2022-08-17,0.0,0.10294764436221304,1102.947644362213,0.0,0.0,0.0,0.0,0.0
2022-08-18,0.0,0.10294764436221304,1102.947644362213,0.0,0.0,0.0,0.0,0.0
2022-08-19,0.0,0.10294764436221304,1102.947644362213,0.0,0.0,0.0,0.0,0.0
2022-08-22,0.0004177644056119867,0.10340841662928124,1103.4084166292812,0.0,0.0,0.0020888220280599334,0.0,0.0
2022-08-23,-9.079945104448762e-05,0.10330822775077331,1103.3082277507733,0.0,0.0,-0.00045399725522243806,0.0,0.0
2022-08-24,0.00196577383687353,0.10547708219889307,1105.477082198893,0.0,0.0,0.00982886918436765,0.0,0.0
2022-08-25,0.0,0.10547708219889307,1105.477082198893,0.0,0.0,0.0,0.0,0.0
2022-08-26,0.0004718571134499472,0.10599870942388434,1105.9987094238843,0.002359285567249736,0.0,0.0,0.0,0.0
2022-08-29,-0.0011775614063476603,0.1046963280281965,1104.6963280281966,-0.005887807031738301,0.0,0.0,0.0,0.0
2022-08-30,0.0005230716993077867,0.10527416341371731,1105.2741634137174,0.002615358496538933,0.0,0.0,0.0,0.0
2022-08-31,0.0021198304965464932,0.10761715729236654,1107.6171572923665,0.010599152482732466,0.0,0.0,0.0,0.0
2022-09-01,0.0,0.10761715729236654,1107.6171572923665,0.0,0.0,0.0,0.0,0.0
2022-09-02,0.0,0.10761715729236654,1107.6171572923665,0.0,0.0,0.0,0.0,0.0
2022-09-05,0.0016274367142943725,0.10941973411952644,1109.4197341195265,0.0,0.0,0.0,0.0,0.008137183571471862
2022-09-06,-0.0018193782005651471,0.10740128003999261,1107.4012800399926,0.0,0.0,0.0,0.0,-0.009096891002825735
2022-09-07,-0.002027280870121562,0.10515626660941946,1105.1562666094194,0.0,0.0,0.0,0.0,-0.010136404350607808
2022-09-08,-0.002061226275514283,0.10287828947413491,1102.8782894741348,0.0,0.0,0.0,0.0,-0.010306131377571415
2022-09-09,0.0077101408306276655,0.11138163640502219,1111.3816364050222,0.0,0.0,0.0,0.0,0.03855070415313833
2022-09-12,0.0,0.11138163640502219,1111.3816364050222,0.0,0.0,0.0,0.0,0.0
2022-09-13,-0.00018128288025347496,0.11118016194091385,1111.1801619409139,0.0,-0.0009064144012673747,0.0,0.0,0.0
2022-09-14,-0.002581994697453882,0.10831110065486649,1108.3111006548666,0.0,-0.01290997348726941,0.0,0.0,0.0
2022-09-15,-0.006186402744140907,0.10145464182041342,1101.4546418204134,0.0,-0.030932013720704532,0.0,0.0,0.0
2022-09-16,0.0,0.10145464182041342,1101.4546418204134,0.0,0.0,0.0,0.0,0.0
2022-09-19,0.0,0.10145464182041342,1101.4546418204134,0.0,0.0,0.0,0.0,0.0
2022-09-20,0.0060229148877422485,0.10808860938080644,1108.0886093808065,0.010855288437359834,0.0,0.0,0.0,0.019259286001351406
2022-09-21,-0.0025072981554296716,0.10531030085445336,1105.3103008544533,-0.004680126208503332,0.0,0.0,0.0,-0.007856364568645025
2022-09-22,0.006466242306017755,0.11245750508311558,1112.4575050831156,0.028473600830373758,0.0,0.0,0.0,0.0038576106997150195
2022-09-23,0.0,0.11245750508311558,1112.4575050831156,0.0,0.0,0.0,0.0,0.0
2022-09-26,0.0,0.11245750508311558,1112.4575050831156,0.0,0.0,0.0,0.0,0.0
2022-09-27,-0.0031353196888001646,0.10896959516447491,1108.9695951644749,0.0,0.0,0.0,0.0,-0.015676598444000822
2022-09-28,0.002610333311081625,0.1118643754397095,1111.8643754397094,0.0,0.0,0.0,0.0,0.013051666555408126
2022-09-29,-0.00046779241376546663,0.11134425371974266,1111.3442537197427,0.0,0.0,0.001213523091122437,0.0,-0.0035524851599497698
2022-09-30,-0.0019020608384896945,0.10923040933666184,1109.2304093366618,0.0,0.0,-0.012247352090786423,0.0,0.002737047898337952
2022-10-03,0.0029227011148535323,0.11247235829065971,1112.4723582906597,0.0,0.0,0.013605781376733406,0.0,0.0010077241975342544
2022-10-04,-0.00010965446659194633,0.112350370727613,1112.350370727613,0.0,0.0,-0.0005482723329597317,0.0,0.0
2022-10-05,0.0,0.112350370727613,1112.350370727613,0.0,0.0,0.0,0.0,0.0
2022-10-06,0.0,0.112350370727613,1112.350370727613,0.0,0.0,0.0,0.0,0.0
2022-10-07,-0.0027186852386832387,0.10932624019447212,1109.3262401944721,-0.011102444028231129,-0.0024909821651850628,0.0,0.0,0.0
2022-10-10,0.0077446984906673014,0.1179176374525639,1117.917637452564,0.033346867080471077,0.005376625372865429,0.0,0.0,0.0
2022-10-11,0.005329550126437566,0.12387563553859615,1123.875635538596,0.02114404221632471,0.005503708415863118,0.0,0.0,0.0
2022-10-12,0.0,0.12387563553859615,1123.875635538596,0.0,0.0,0.0,0.0,0.0
2022-10-13,-1.9825993585964542e-06,0.12387340734348196,1123.8734073434819,0.0,0.0011551437530414876,-0.00116505674983447,0.0,0.0
2022-10-14,5.932889012414408e-05,0.1239400855053796,1123.9400855053796,0.0,0.0046165158590998345,-0.0043198714084791145,0.0,0.0
2022-10-17,0.0005835007024473704,0.12459590533478071,1124.5959053347808,0.0,0.0,0.002917503512236852,0.0,0.0
2022-10-18,0.0010868357680236418,0.12581815638927152,1125.8181563892715,0.0,0.0,0.005434178840118209,0.0,0.0
2022-10-19,0.0,0.12581815638927152,1125.8181563892715,0.0,0.0,0.0,0.0,0.0
2022-10-20,0.0,0.12581815638927152,1125.8181563892715,0.0,0.0,0.0,0.0,0.0
2022-10-21,0.0,0.12581815638927152,1125.8181563892715,0.0,0.0,0.0,0.0,0.0
2022-10-24,0.0,0.12581815638927152,1125.8181563892715,0.0,0.0,0.0,0.0,0.0
2022-10-25,-0.0012768770912908512,0.12438062497641877,1124.3806249764189,0.0,-0.006384385456454256,0.0,0.0,0.0
2022-10-26,0.004522348241334573,0.1294654657183716,1129.4654657183717,0.0,0.022611741206672864,0.0,0.0,0.0
2022-10-27,0.0,0.1294654657183716,1129.4654657183717,0.0,0.0,0.0,0.0,0.0
2022-10-28,0.0,0.1294654657183716,1129.4654657183717,0.0,0.0,0.0,0.0,0.0
2022-10-31,0.0,0.1294654657183716,1129.4654657183717,0.0,0.0,0.0,0.0,0.0
2022-11-01,0.0,0.1294654657183716,1129.4654657183717,0.0,0.0,0.0,0.0,0.0
2022-11-02,0.0044263213133381996,0.13446484278196036,1134.4648427819604,0.0,0.022131606566690998,0.0,0.0,0.0
2022-11-03,0.0,0.13446484278196036,1134.4648427819604,0.0,0.0,0.0,0.0,0.0
2022-11-04,-0.0018733072869487888,0.13233964152518962,1132.3396415251896,0.0,0.0,0.0,0.0,-0.009366536434743944
2022-11-07,0.008737738771295845,0.14223372951321966,1142.2337295132197,0.0,0.0,0.0,0.0,0.04368869385647922
2022-11-08,0.001077833088554847,0.1434648668217524,1143.4648668217524,0.0,0.0,0.0,0.0,0.005389165442774235
2022-11-09,-0.011643602924837394,0.13015081595397793,1130.1508159539778,-0.052620840469946306,-0.005597174154240658,0.0,0.0,0.0
2022-11-10,0.020018668353409198,0.15277493032789535,1152.7749303278954,0.0588890031083118,0.041204338658734185,0.0,0.0,0.0
2022-11-11,-0.013524363017837882,0.13718438369227814,1137.184383692278,-0.06762181508918941,0.0,0.0,0.0,0.0
2022-11-14,0.0025620953775843166,0.14009795854519713,1140.0979585451971,0.03375141398329595,0.0,0.0,0.0,-0.020940937095374368
2022-11-15,0.011970973599196367,0.1537460411074394,1153.7460411074394,0.07368867990208283,0.0,0.0,0.0,-0.013833811906101001
2022-11-16,0.0029885242693861616,0.15719403915199703,1157.194039151997,0.0,0.0,0.0,0.0,0.014942621346930807
2022-11-17,0.0014452387223288456,0.1588664607866277,1158.8664607866276,0.0,0.0,0.0,0.0,0.007226193611644227
2022-11-18,-0.0014161915844439932,0.15722528385736734,1157.2252838573672,0.0,0.0,0.0,0.0,-0.007080957922219966
2022-11-21,-0.00043022497213160985,0.15672741664186973,1156.7274166418697,0.0,0.0,0.0,0.0,-0.002151124860658049
2022-11-22,0.00272531675830745,0.15987986525523756,1159.8798652552375,0.0,0.0,0.0,0.0,0.01362658379153725
2022-11-23,0.008954503074341823,0.17026601307453282,1170.2660130745328,0.01626803959786649,0.0,0.0,0.02850447577384263,0.0
2022-11-24,0.0025915809326029883,0.17329885216009,1173.29885216009,0.0,0.01295790466301494,0.0,0.0,0.0
2022-11-25,0.0,0.17329885216009,1173.29885216009,0.0,0.0,0.0,0.0,0.0
2022-11-28,0.0,0.17329885216009,1173.29885216009,0.0,0.0,0.0,0.0,0.0
2022-11-29,0.0,0.17329885216009,1173.29885216009,0.0,0.0,0.0,0.0,0.0
2022-11-30,0.002955076154326597,0.17676603962000703,1176.766039620007,0.0,0.014775380771632984,0.0,0.0,0.0
2022-12-01,0.0009126685902270727,0.17784003702241402,1177.840037022414,0.004563342951135363,0.0,0.0,0.0,0.0
2022-12-02,-0.002440879905589277,0.17496507094404756,1174.9650709440475,-0.012204399527946386,0.0,0.0,0.0,0.0
2022-12-05,0.0011304781336263004,0.17629334326452462,1176.2933432645245,0.005652390668131502,0.0,0.0,0.0,0.0
2022-12-06,0.003923365218658082,0.18090837165442775,1180.9083716544278,0.007556152767356328,0.0,0.0,0.0,0.01206067332593408
2022-12-07,0.0034088682811917793,0.18493393274555436,1184.9339327455543,0.0,0.0,0.005957413387078558,0.0,0.011086928018880338
2022-12-08,-0.0014440331506287319,0.18322284886536488,1183.222848865365,0.0,0.0,-0.007220165753143659,0.0,0.0
2022-12-09,0.0005032827225665671,0.18381834448214485,1183.8183444821448,0.0,0.0,0.002516413612832835,0.0,0.0
2022-12-12,0.0020319303338171,0.18622378088602742,1186.2237808860275,0.0,0.0,0.010159651669085501,0.0,0.0
2022-12-13,0.008012615388558441,0.19572853580702887,1195.728535807029,0.028278392072758618,0.009270290250539048,0.0,0.002514394619494542,0.0
2022-12-14,0.005280211408526703,0.202042235263298,1202.042235263298,0.015737448651582775,0.003818740340059912,0.0,0.006844868050990827,0.0
2022-12-15,0.0003128562790750911,0.20241830172431352,1202.4183017243136,0.0,0.0015642813953754553,0.0,0.0,0.0
2022-12-16,0.0007618324335952218,0.2033343429853156,1203.3343429853155,0.0,0.0,0.010533176824633728,-0.0067240146566576176,0.0
2022-12-19,-0.0034375229924537456,0.19919785351369446,1199.1978535136946,0.0,0.0,-0.013509809868238243,-0.003677805094030484,0.0
2022-12-20,0.0029969326146603863,0.2027917686723204,1202.7917686723204,0.0,0.0,0.002937974093983664,0.012046688979318265,0.0
2022-12-21,0.0018962375454786963,0.2050725475834696,1205.0725475834697,0.0,0.0,0.00948118772739348,0.0,0.0
2022-12-22,0.001344166623426979,0.20669236588073958,1206.6923658807395,0.0067208331171348945,0.0,0.0,0.0,0.0
2022-12-23,-0.0011674577617932335,0.2052836035120955,1205.2836035120956,-0.005837288808966168,0.0,0.0,0.0,0.0
2022-12-27,-0.0006433721556546646,0.20450815760192875,1204.5081576019288,-0.0032168607782733227,0.0,0.0,0.0,0.0
2022-12-28,0.0007371352788307251,0.20539604305853665,1205.3960430585366,0.0036856763941536252,0.0,0.0,0.0,0.0
2022-12-29,-0.0017670251861932496,0.20326607789111462,1203.2660778911147,0.0,-0.008835125930966248,0.0,0.0,0.0
2022-12-30,-0.0058921364803717685,0.19617626993797854,1196.1762699379785,0.0,-0.02946068240185884,0.0,0.0,0.0
2023-01-02,-0.0008884432625659411,0.19511353519011077,1195.1135351901107,0.0,-0.004442216312829705,0.0,0.0,0.0
2023-01-03,-0.0015925930476801574,0.1932102056827787,1193.2102056827787,-0.032707780123214514,0.024744814884813726,0.0,0.0,0.0
2023-01-04,-0.01828129365142779,0.17139677952481125,1171.3967795248113,-0.047748377049335655,-0.043658091207803285,0.0,0.0,0.0
2023-01-05,0.01982842738574906,0.1946237355075191,1194.623735507519,0.0585320468197148,0.040610090109030494,0.0,0.0,0.0
2023-01-06,-0.0009692919638333742,0.193465796320887,1193.465796320887,-0.004846459819166871,0.0,0.0,0.0,0.0
2023-01-09,-0.0018041705408303745,0.19131258048967625,1191.3125804896763,-0.017132511639858183,0.0,0.0,0.0,0.008111658935706312
2023-01-10,-6.074077135488111e-07,0.19131185687722563,1191.3118568772256,0.013094460793155793,0.0,0.0,0.0,-0.013097497831723537
2023-01-11,0.005253636040220711,0.1975705757836581,1197.5705757836581,0.0,0.0,0.0,0.0,0.026268180201103553
2023-01-12,-0.004934809925378137,0.19166079261994007,1191.6607926199401,0.0,0.0,0.0,0.0,-0.02467404962689068
2023-01-13,0.002567478604344942,0.1947203562086286,1194.7203562086286,0.0,0.0,0.0,0.0,0.012837393021724708
2023-01-16,-0.0012771392081736945,0.19319453199891123,1193.1945319989113,0.0,0.0,0.0,0.0,-0.0063856960408684715
2023-01-17,0.003400413203589525,0.19725188643997127,1197.2518864399713,0.0,0.0,0.0,0.0,0.017002066017947626
2023-01-18,0.0,0.19725188643997127,1197.2518864399713,0.0,0.0,0.0,0.0,0.0
2023-01-19,-0.0008367366878358596,0.1962501018620062,1196.2501018620062,0.0,0.0,-0.004183683439179298,0.0,0.0
2023-01-20,-0.006580924150697909,0.18837767067638778,1188.3776706763879,0.0,0.0,-0.032904620753489544,0.0,0.0
2023-01-23,-0.00031933450484271657,0.1879981806813562,1187.9981806813562,0.0,0.0,-0.0015966725242135826,0.0,0.0
2023-01-24,0.0027860579462104075,0.1913080124527271,1191.308012452727,0.0,0.0,0.013930289731052037,0.0,0.0
2023-01-25,-0.00038818425812783277,0.19084556543571152,1190.8455654357115,0.0,0.0,-0.0019409212906391637,0.0,0.0
2023-01-26,0.0,0.19084556543571152,1190.8455654357115,0.0,0.0,0.0,0.0,0.0
2023-01-27,0.0,0.19084556543571152,1190.8455654357115,0.0,0.0,0.0,0.0,0.0
2023-01-30,-0.0007540697229235561,0.18994758485013863,1189.9475848501386,0.0,-0.00377034861461778,0.0,0.0,0.0
2023-01-31,0.01224635633305704,0.20452010699187406,1204.5201069918742,0.0,0.0612317816652852,0.0,0.0,0.0
2023-02-01,-0.0033947889865986627,0.20043101539852137,1200.4310153985214,0.0,-0.016973944932993312,0.0,0.0,0.0
2023-02-02,0.010317562927843804,0.21281653794043098,1212.816537940431,0.0,0.06147610880279264,0.0,0.0,-0.009888294163573619
2023-02-03,0.0023978918933234895,0.21572474088484683,1215.7247408848468,0.0,0.0,0.0,0.0,0.011989459466617447
2023-02-06,-0.004117457554636195,0.21071904586613233,1210.7190458661323,0.0,0.0,0.0,0.0,-0.020587287773180973
2023-02-07,-0.0010006822223019185,0.2095075008407319,1209.5075008407318,0.0,0.0,0.0,0.0,-0.0050034111115095925
2023-02-08,-0.010967216401989345,0.19624257033918213,1196.242570339182,0.0,0.0,0.0,0.0,-0.05483608200994672
2023-02-09,-0.00296647176938405,0.19269395052493565,1192.6939505249356,-0.024598745798217414,0.0,0.0,0.0,0.009766386951297168
2023-02-10,0.0006345571394785533,0.19345078298645424,1193.4507829864542,-0.00046421338355673303,0.003999374317942728,0.0,0.0,-0.0003623752369932287
2023-02-13,0.00649402600992377,0.20120108341273224,1201.2010834127323,0.0226492656496724,0.01069007883816897,0.0,0.0,-0.0008692144382225209
2023-02-14,0.002253145463925943,0.2039075641850865,1203.9075641850866,0.005164140536866202,4.369720177899161e-05,0.0,0.0,0.006057889580984521
2023-02-15,0.0,0.2039075641850865,1203.9075641850866,0.0,0.0,0.0,0.0,0.0
2023-02-16,0.0,0.2039075641850865,1203.9075641850866,0.0,0.0,0.0,0.0,0.0
2023-02-17,0.0049266703745525445,0.20983881991525677,1209.8388199152569,0.010045028633659081,0.01458832323910364,0.0,0.0,0.0
2023-02-20,-0.004050536141271755,0.20493832405007661,1204.9383240500765,-0.012611681796251162,-0.00764099891010761,0.0,0.0,0.0
2023-02-21,0.003506737567596097,0.20916372653765936,1209.1637265376594,0.0056773748064244955,0.018453311984027665,0.0,0.0,-0.006596998952471678
2023-02-22,-0.0009226218406789277,0.20804812567459896,1208.0481256745989,0.012850125339000651,0.0,0.0,0.0,-0.01746323454239529
2023-02-23,0.0009796753409590407,0.20923162063401413,1209.2316206340142,0.0,-0.011579697011691925,0.0,0.0,0.01647807371648713
2023-02-24,-0.002690042762837086,0.20597873586433368,1205.9787358643337,0.0,-0.01345021381418543,0.0,0.0,0.0
2023-02-27,-0.004159720663038158,0.20096220119757424,1200.9622011975741,0.0,-0.02079860331519079,0.0,0.0,0.0
2023-02-28,-0.0030474899942026126,0.1973022809060092,1197.3022809060092,0.0,-0.015237449971013062,0.0,0.0,0.0
2023-03-01,-0.0027233428164634478,0.1940416163401686,1194.0416163401685,0.0,-0.00946416243973569,-0.004152551642581548,0.0,0.0
2023-03-02,0.010441359682873963,0.2065090343326963,1206.5090343326963,0.0,-0.012749097689843558,-0.0030521904940412625,0.0,0.06800808659825464
2023-03-03,0.00518035141430806,0.21275917511507703,1212.759175115077,0.0,0.011867069190703905,0.014034687880836394,0.0,0.0
2023-03-06,-0.002112248738187139,0.21019752607771536,1210.1975260777153,0.0,-0.010561243690935695,0.0,0.0,0.0
2023-03-07,0.0016821700863544732,0.21223328415466347,1212.2332841546636,0.0,0.008410850431772365,0.0,0.0,0.0
2023-03-08,0.0,0.21223328415466347,1212.2332841546636,0.0,0.0,0.0,0.0,0.0
2023-03-09,-0.0012054781331261256,0.21077196343836735,1210.7719634383673,0.0,0.0,0.0,0.0,-0.0060273906656306275
2023-03-10,0.0026972008889391223,0.2140376586544559,1214.037658654456,0.0,0.0,-0.0003949404516830901,0.0,0.0138809448963787
2023-03-13,0.011494378983880704,0.22799226760373337,1227.9922676037334,0.0,0.0,0.04511762823967369,0.0,0.01235426667972983
2023-03-14,-0.0011751950761563542,0.22654913713728742,1226.5491371372875,-0.0178231161005582,0.0,0.0,0.011947140719776428,0.0
2023-03-15,0.007939950991985368,0.23628787717541933,1236.2878771754192,0.07075797766494785,0.0,0.0,-0.03105822270502101,0.0
2023-03-16,-2.4913518942293322e-05,0.23625707689397313,1236.2570768939731,-0.01286298091728999,0.0,0.0,0.012738413322578523,0.0
2023-03-17,-0.009634851506234955,0.2243459235345675,1224.3459235345674,-0.028543883788067936,0.0,0.0,-0.019630373743106833,0.0
2023-03-20,0.012722736433517578,0.23992295402314956,1239.9229540231495,0.023968595141476756,0.03221815729685629,0.0,0.00742692972925485,0.0
2023-03-21,0.0064680385642018395,0.24794282350641028,1247.9428235064104,0.0,0.0,0.0,0.032340192821009195,0.0
2023-03-22,0.0,0.24794282350641028,1247.9428235064104,0.0,0.0,0.0,0.0,0.0
2023-03-23,0.0,0.24794282350641028,1247.9428235064104,0.0,0.0,0.0,0.0,0.0
2023-03-24,0.0,0.24794282350641028,1247.9428235064104,0.0,0.0,0.0,0.0,0.0
2023-03-27,0.00027114428450985065,0.248281196070399,1248.281196070399,-0.006432173322569179,-0.00737553458147544,0.0,-0.005523147702207742,0.02068657702880161
2023-03-28,-0.0020583994559850273,0.24571173473549135,1245.7117347354913,-0.001353157490862511,-0.0018882983595147618,0.0,-0.003337192948515977,-0.003713348481031886
2023-03-29,0.009617322712536546,0.2576921464952362,1257.692146495236,0.026777017352105803,0.012832748029378394,0.0,0.010774024682098426,-0.002297176500899889
2023-03-30,0.004964528238123211,0.2639359946713775,1263.9359946713776,0.0,0.0,0.0,0.016371683603665588,0.00845095758695047
2023-03-31,0.0,0.2639359946713775,1263.9359946713776,0.0,0.0,0.0,0.0,0.0
2023-04-03,0.002076746951291897,0.2665608698949393,1266.5608698949393,0.0,0.0,0.0,0.0,0.010383734756459484
2023-04-04,0.0,0.2665608698949393,1266.5608698949393,0.0,0.0,0.0,0.0,0.0
2023-04-05,0.0,0.2665608698949393,1266.5608698949393,0.0,0.0,0.0,0.0,0.0
2023-04-06,-0.003935236065010317,0.2615766538811979,1261.576653881198,-0.019676180325051584,0.0,0.0,0.0,0.0
2023-04-11,0.011475487877917348,0.2760538614798751,1276.0538614798752,0.035653886823291625,0.025261638397690467,0.0,0.0,-0.0035380858313953656
2023-04-12,0.0003712601004586258,0.2765276093646787,1276.5276093646787,0.0,0.0,0.0,0.0,0.001856300502293129
2023-04-13,-0.0036389760928654093,0.271882355912318,1271.882355912318,0.0,0.0,0.0,0.0,-0.018194880464327046
2023-04-14,-0.00020410398270467314,0.2716227596579446,1271.6227596579445,0.0,0.0,0.0,0.0,-0.0010205199135233656
2023-04-17,0.00038119774961882237,0.2721074993922903,1272.1074993922903,0.0,0.0,0.0,0.0,0.0019059887480941118
2023-04-18,-0.004598682948532185,0.26625748032613505,1266.257480326135,0.0,0.0,0.0,0.0,-0.022993414742660923
2023-04-19,0.005101549464996236,0.27271735549744025,1272.7173554974402,0.0,0.0,0.0,0.0,0.025507747324981178
2023-04-20,-0.003852066142286148,0.2678147640636286,1267.8147640636287,0.0,0.0,0.0,0.0015824736676555151,-0.020842804379086255
2023-04-21,0.0026045311426928118,0.2711168270997979,1271.116827099798,0.0,0.0,0.0,0.008210450799121194,0.004812204914342866
2023-04-24,0.001135096115612022,0.2725596668727279,1272.559666872728,0.0,0.0,0.0,0.0,0.00567548057806011
2023-04-25,0.0,0.2725596668727279,1272.559666872728,0.0,0.0,0.0,0.0,0.0
2023-04-26,0.0,0.2725596668727279,1272.559666872728,0.0,0.0,0.0,0.0,0.0
2023-04-27,0.0,0.2725596668727279,1272.559666872728,0.0,0.0,0.0,0.0,0.0
2023-04-28,0.0,0.2725596668727279,1272.559666872728,0.0,0.0,0.0,0.0,0.0
2023-05-02,0.0019344818979293078,0.2750214105123281,1275.0214105123282,0.009672409489646538,0.0,0.0,0.0,0.0
2023-05-03,0.005270122098296626,0.28174092902367054,1281.7409290236706,0.02635061049148313,0.0,0.0,0.0,0.0
2023-05-04,0.0005306027267571345,0.28242102425560667,1282.4210242556067,0.0,0.0,0.0,0.0,0.0026530136337856725
2023-05-05,0.0,0.28242102425560667,1282.4210242556067,0.0,0.0,0.0,0.0,0.0
2023-05-08,0.0024303810510002857,0.28553779601236173,1285.5377960123617,0.0,0.0,0.0,0.0,0.012151905255001427
2023-05-09,0.0,0.28553779601236173,1285.5377960123617,0.0,0.0,0.0,0.0,0.0
2023-05-10,0.004532287732470919,0.29136422319485633,1291.3642231948563,0.0,0.0,0.022661438662354594,0.0,0.0
2023-05-11,0.0035949847570702965,0.29600665789306757,1296.0066578930675,0.0,0.017974923785351482,0.0,0.0,0.0
2023-05-12,-0.0030658077416183096,0.2920333506481101,1292.0333506481102,0.0,-0.015329038708091547,0.0,0.0,0.0
2023-05-15,0.003563171233869489,0.2966370867163395,1296.6370867163396,0.0,0.017815856169347444,0.0,0.0,0.0
2023-05-16,-0.004263788532273183,0.2911085003754783,1291.1085003754783,0.0,-0.021318942661365914,0.0,0.0,0.0
2023-05-17,-0.0030231729746039273,0.2872052560498617,1287.2052560498616,0.0,-0.004322909721953261,0.0,0.0,-0.010792955151066375
2023-05-18,0.00014992725094504779,0.28739824319530327,1287.3982431953032,0.0,0.0007496362547252389,0.0,0.0,0.0
2023-05-19,-0.0008241494813107764,0.2863372346009334,1286.3372346009335,0.0,-0.004120747406553882,0.0,0.0,0.0
2023-05-22,-0.019555124381571965,0.2611827499816648,1261.1827499816648,0.0,-0.0860449694315456,0.0,-0.0017958586757890194,-0.009934793800525199
2023-05-23,-0.007664148028038321,0.25151685869539686,1251.5168586953969,0.0,-0.023075161478508077,0.0,-0.0038852858632333342,-0.011360292798450189
2023-05-24,-0.010462264379486365,0.23842315844434125,1238.4231584443412,0.0,-0.04989290648456968,0.0,0.0022185249112092187,-0.004636940324071359
2023-05-25,0.0007244883874802264,0.23932038164142067,1239.3203816414207,0.0,0.005045672722342243,0.0,-0.016912967223294162,0.015489736438353052
2023-05-26,0.0006753374057981488,0.2401573410529112,1240.1573410529113,0.0,-0.010527824860775414,0.0,0.013904511889766158,0.0
2023-05-29,-0.002913970055459503,0.2365435596970249,1236.5435596970249,0.0,-0.014569850277297514,0.0,0.0,0.0
2023-05-30,0.0336669961566427,0.2781742669688658,1278.1742669688658,0.0,0.16833498078321352,0.0,0.0,0.0
2023-05-31,0.0,0.2781742669688658,1278.1742669688658,0.0,0.0,0.0,0.0,0.0
2023-06-01,0.0,0.2781742669688658,1278.1742669688658,0.0,0.0,0.0,0.0,0.0
2023-06-02,0.0,0.2781742669688658,1278.1742669688658,0.0,0.0,0.0,0.0,0.0
2023-06-05,0.0,0.2781742669688658,1278.1742669688658,0.0,0.0,0.0,0.0,0.0
2023-06-06,0.0,0.2781742669688658,1278.1742669688658,0.0,0.0,0.0,0.0,0.0
2023-06-07,-0.0008476689104961466,0.27709079838056017,1277.0907983805603,0.0,0.0,0.0,0.0,-0.004238344552480733
2023-06-08,0.0002719382052521091,0.27743808816021565,1277.4380881602156,0.0,0.0,0.0,0.0,0.0013596910262605455
2023-06-09,0.0008831209095709448,0.2785662204465522,1278.5662204465523,0.0,0.0,0.0,0.0,0.0044156045478547234
2023-06-12,0.0,0.2785662204465522,1278.5662204465523,0.0,0.0,0.0,0.0,0.0
2023-06-13,0.0,0.2785662204465522,1278.5662204465523,0.0,0.0,0.0,0.0,0.0
2023-06-14,0.006794247691647649,0.2872531160384397,1287.2531160384397,0.02163455487104282,0.0,0.0,0.012336683587195418,0.0
2023-06-15,-0.0017061338777296655,0.2850568898879535,1285.0568898879535,-0.0059498586357412675,0.0,0.0,-0.002580810752907059,0.0
2023-06-16,-0.0014334900082900504,0.2832147736762147,1283.2147736762147,-0.0028899972168465737,0.0,0.0,-0.004277452824603678,0.0
2023-06-19,0.002440143798944705,0.28634600224891504,1286.346002248915,0.005297128344300184,0.0,0.0,0.006903590650423341,0.0
2023-06-20,0.0,0.28634600224891504,1286.346002248915,0.0,0.0,0.0,0.0,0.0
2023-06-21,0.0,0.28634600224891504,1286.346002248915,0.0,0.0,0.0,0.0,0.0
2023-06-22,0.0,0.28634600224891504,1286.346002248915,0.0,0.0,0.0,0.0,0.0
2023-06-23,-0.0038728831654342155,0.2813641344718816,1281.3641344718815,-0.019364415827171078,0.0,0.0,0.0,0.0
2023-06-26,0.014280045621458282,0.29966207276984047,1299.6620727698405,0.07140022810729141,0.0,0.0,0.0,0.0
2023-06-27,-0.001517213548891494,0.29769020786405376,1297.6902078640537,0.0,0.0,0.0,0.0,-0.00758606774445747
2023-06-28,0.0,0.29769020786405376,1297.6902078640537,0.0,0.0,0.0,0.0,0.0
2023-06-29,-0.004447636127649979,0.29191855401306,1291.91855401306,0.0,-0.022238180638249894,0.0,0.0,0.0
2023-06-30,0.0008771333264403491,0.29305173883183144,1293.0517388318315,0.00048505044535018804,0.0039006161868515576,0.0,0.0,0.0
2023-07-03,-0.004362984883819899,0.28741017364131105,1287.410173641311,-0.018114923030731145,-0.003700001388368346,0.0,0.0,0.0
2023-07-04,-0.004898517069788744,0.2811037729299095,1281.1037729299096,-0.011501954446684559,-0.01299063090225916,0.0,0.0,0.0
2023-07-05,0.0068333004039961235,0.28985793985903263,1289.8579398590327,0.013697548118489555,0.02046895390149106,0.0,0.0,0.0
2023-07-06,0.0009211647187937988,0.291046111485487,1291.046111485487,0.004605823593968994,0.0,0.0,0.0,0.0
2023-07-07,-0.003124263083321921,0.28701254378050645,1287.0125437805063,-0.01869348896739753,0.0,0.0,0.0030721735507879266,0.0
2023-07-10,-0.0025211960974043544,0.28376773277781675,1283.7677327778167,-0.01738167537983104,0.0,0.0,0.004775694892809268,0.0
2023-07-11,0.0,0.28376773277781675,1283.7677327778167,0.0,0.0,0.0,0.0,0.0
2023-07-12,0.0,0.28376773277781675,1283.7677327778167,0.0,0.0,0.0,0.0,0.0
2023-07-13,0.0,0.28376773277781675,1283.7677327778167,0.0,0.0,0.0,0.0,0.0
2023-07-14,0.0,0.28376773277781675,1283.7677327778167,0.0,0.0,0.0,0.0,0.0
2023-07-17,0.0,0.28376773277781675,1283.7677327778167,0.0,0.0,0.0,0.0,0.0
2023-07-18,0.0,0.28376773277781675,1283.7677327778167,0.0,0.0,0.0,0.0,0.0
2023-07-19,0.0,0.28376773277781675,1283.7677327778167,0.0,0.0,0.0,0.0,0.0
2023-07-20,0.0,0.28376773277781675,1283.7677327778167,0.0,0.0,0.0,0.0,0.0
2023-07-21,0.0,0.28376773277781675,1283.7677327778167,0.0,0.0,0.0,0.0,0.0
2023-07-24,0.0,0.28376773277781675,1283.7677327778167,0.0,0.0,0.0,0.0,0.0
2023-07-25,0.0,0.28376773277781675,1283.7677327778167,0.0,0.0,0.0,0.0,0.0
2023-07-26,0.0,0.28376773277781675,1283.7677327778167,0.0,0.0,0.0,0.0,0.0
2023-07-27,0.0018750867071292364,0.28617490858859007,1286.1749085885901,0.0,0.0,0.013391098857817862,-0.00401566532217168,0.0
2023-07-28,-0.001685336256967429,0.28400727138234405,1284.007271382344,0.0,0.0,-0.005992544678038669,-0.002434136606798476,0.0
2023-07-31,-0.0005138898271660697,0.2833474331075734,1283.3474331075734,0.0,0.0,-0.0031068808981691287,0.0005374317623387803,0.0
2023-08-01,-0.0015707635974187672,0.28133159767680715,1281.3315976768072,0.0,0.0,0.00013036899967144855,-0.007984186986765285,0.0
2023-08-02,-0.0017508088892978614,0.2790882309254563,1279.0882309254564,0.0,0.0,-0.006163386442835206,-0.0025906580036541005,0.0
2023-08-03,-0.0010807316949054792,0.27770587973371463,1277.7058797337147,0.0,0.0,0.002121390156003544,-0.007525048630530939,0.0
2023-08-04,-0.0004393522876719124,0.27714451673248175,1277.1445167324819,0.0,0.0,-0.007184122680957916,0.004987361242598354,0.0
2023-08-07,0.006210986508429351,0.2850768440952218,1285.0768440952218,0.0,0.006922987892634014,0.009242904799767526,0.014889039849745211,0.0
2023-08-08,-0.006538925352451309,0.27667382253951955,1276.6738225395195,0.0,-0.03269462676225654,0.0,0.0,0.0
2023-08-09,0.0049400268917982,0.28298062555491965,1282.9806255549197,0.0,0.02608097067016657,-0.0013808362111755734,0.0,0.0
2023-08-10,0.002203274459798843,0.2858073839996216,1285.8073839996216,0.0,0.003564873513885125,0.00745149878510909,0.0,0.0
2023-08-11,-0.0017826176846586607,0.2835152810178392,1283.5152810178392,0.0,0.0,-0.008913088423293303,0.0,0.0
2023-08-14,-0.002464883008245411,0.2803515660108349,1280.3515660108349,0.0,0.0,-0.012374981876174473,5.056683494741865e-05,0.0
2023-08-15,-0.001418872705828478,0.27853491011995724,1278.5349101199572,0.0,0.0,0.0,-0.007094363529142389,0.0
2023-08-16,-0.0024694077733257605,0.2753776860744388,1275.3776860744388,0.0,0.0,-0.008436771769629647,-0.003910267096999154,0.0
2023-08-17,0.003253843344178975,0.27952756526958633,1279.5275652695864,0.0,0.0,0.018285077074702727,-0.0020158603538078523,0.0
2023-08-18,0.002780239943772367,0.28308495891570673,1283.0849589157067,0.00986268283764924,0.0,0.0,0.004038516881212595,0.0
2023-08-21,0.0037807879955229053,0.2879360311256114,1287.9360311256114,0.010874061752866426,0.0080298782247481,0.0,0.0,0.0
2023-08-22,-0.0020202549515102586,0.2853340719815014,1285.3340719815014,0.0,-0.010101274757551293,0.0,0.0,0.0
2023-08-23,0.001974615059591978,0.287872111996643,1287.872111996643,0.0,0.005679368933340312,0.004193706364619576,0.0,0.0
2023-08-24,-0.003765492026717699,0.28302263982748754,1283.0226398274876,0.0,-0.006424079065588617,0.0023796257157131517,-0.014783006783713026,0.0
2023-08-25,0.004656811607381628,0.2889974345491695,1288.9974345491694,0.0,0.008869333481386854,0.005994144944433399,0.0,0.008420579611087886
2023-08-28,0.0024454197681629264,0.2921495743567273,1292.1495743567273,0.0,0.0,0.008413841453908999,0.0,0.003813257386905633
2023-08-29,-0.002080287985254059,0.28946153112204187,1289.4615311220418,0.0,0.0,0.0,0.0,-0.010401439926270295
2023-08-30,-0.0022531913592976904,0.286556127541971,1286.556127541971,0.0,0.0,-0.00534188377489464,0.0,-0.005924073021593812
2023-08-31,0.0008037338305571409,0.2875901762265871,1287.5901762265871,0.030375427782960096,0.0015112248967268371,-0.013096461606225018,0.0,-0.014771521920676212
2023-09-01,0.0023730904534123194,0.29064574418169786,1290.6457441816979,0.0,0.008149174339892928,0.007214592768694628,0.0,-0.0034983148415259624
2023-09-04,0.00020412317548874632,0.29090919488943134,1290.9091948894313,0.0,0.0,0.005133764968571652,0.0,-0.004113149091127921
2023-09-05,0.008580036061103802,0.301985242333193,1301.9852423331931,0.0,0.0,0.01106600385801626,0.0,0.03183417644750275
2023-09-06,0.0,0.301985242333193,1301.9852423331931,0.0,0.0,0.0,0.0,0.0
2023-09-07,-0.005439665790938775,0.2949028777501659,1294.9028777501658,0.0,0.0,-0.027198328954693873,0.0,0.0
2023-09-08,0.0001356539689561398,0.2950785364649453,1295.0785364649453,0.0,0.0,0.000678269844780699,0.0,0.0
2023-09-11,0.005421502857542349,0.30209980845113193,1302.099808451132,0.0,0.0,0.027107514287711743,0.0,0.0
2023-09-12,0.0,0.30209980845113193,1302.099808451132,0.0,0.0,0.0,0.0,0.0
2023-09-13,-0.001292393499790734,0.3004169831226109,1300.4169831226109,0.0,0.0,0.0,-0.006461967498953669,0.0
2023-09-14,0.0034351942441446684,0.30488416805802165,1304.8841680580217,0.03124108909679113,0.0,0.0,-0.006297914050067188,-0.0077672038260006016
2023-09-15,-0.0018847032183231694,0.30242484866694386,1302.424848666944,0.0,0.0,0.0,0.007928376523716585,-0.01735189261533243
2023-09-18,-0.0048333003307088115,0.2961298382151585,1296.1298382151585,0.0,0.0,0.0,-0.015240974425394405,-0.008925527228149654
2023-09-19,-0.002490846624897714,0.2929013775822109,1292.901377582211,0.0,0.0,0.0,0.016545435584581547,-0.028999668709070114
2023-09-20,0.0034928696283675446,0.2974173135364424,1297.4173135364424,-0.03761124647345482,0.0,0.0,0.04174050009844432,0.013335094516848223
2023-09-21,0.006116304820749896,0.30535271330574987,1305.3527133057498,0.0,0.0,0.0,0.0,0.03058152410374948
2023-09-22,0.0,0.30535271330574987,1305.3527133057498,0.0,0.0,0.0,0.0,0.0
2023-09-25,0.0027428352114970745,0.30893308069122805,1308.933080691228,0.011051425829264216,0.0026627502282211557,0.0,0.0,0.0
2023-09-26,0.012101373473705369,0.3247729687527605,1324.7729687527606,0.031247338551707693,0.029259528816819147,0.0,0.0,0.0
2023-09-27,0.0,0.3247729687527605,1324.7729687527606,0.0,0.0,0.0,0.0,0.0
2023-09-28,0.0,0.3247729687527605,1324.7729687527606,0.0,0.0,0.0,0.0,0.0
2023-09-29,0.0,0.3247729687527605,1324.7729687527606,0.0,0.0,0.0,0.0,0.0
2023-10-02,-0.002843113033020406,0.3210064894595064,1321.0064894595064,0.0,0.0,0.0,0.0,-0.014215565165102029
2023-10-03,-0.0063839373715187005,0.3125732667634271,1312.5732667634272,0.0,0.0,0.0,0.0,-0.0319196868575935
2023-10-04,0.007602504144449296,0.3225521104638893,1322.5521104638892,0.0,0.0,0.0,0.0,0.03801252072224648
2023-10-05,0.0005405473188555111,0.32326701246124734,1323.2670124612473,0.0,0.0,0.0,0.0,0.002702736594277555
2023-10-06,-0.006532490923125245,0.3146227827134731,1314.622782713473,0.0,0.0,0.0,0.0,-0.032662454615626224
2023-10-09,-0.003006886204090886,0.31066986160454846,1310.6698616045485,0.0,0.0,0.0,0.014378114556380162,-0.029412545576834592
2023-10-10,-0.01006590920017967,0.29747677778622506,1297.476777786225,0.0,0.0,0.0,0.0,-0.05032954600089834
2023-10-11,0.0029611577263088055,0.3013188111714731,1301.318811171473,0.0,0.0,0.0,0.0,0.014805788631544026
2023-10-12,0.0069654293173255334,0.3103830553699942,1310.3830553699943,0.0,0.0,0.0008692348980887665,0.0,0.0339579116885389
2023-10-13,-0.002454031904349386,0.30716733354519743,1307.1673335451974,-0.011197514134189901,0.0,-0.021815164121974484,0.0,0.02074251873441746
2023-10-16,-0.001909573808295595,0.30467120104199985,1304.671201042,-0.0071421328982769205,0.0,-0.0024057361432010538,0.0,0.0
2023-10-17,-0.006743273528925098,0.29587344626806233,1295.8734462680623,-0.018302405874828453,0.0,-0.015413961769797035,0.0,0.0
2023-10-18,0.002458939077520017,0.29905992012461136,1299.0599201246114,0.0031111897084086237,0.0,0.009183505679191462,0.0,0.0
2023-10-19,0.012042352596635665,0.31470365772690934,1314.7036577269093,0.005615521102453447,0.0,0.0001602564102565207,0.05443598547046835,0.0
2023-10-20,-0.002457298417317433,0.31147303850953545,1311.4730385095354,-0.013522885998426326,0.0,0.0,0.0,0.001236393911839162
2023-10-23,-0.0017193649774194684,0.3092181376982923,1309.2181376982924,-0.01923478534833656,0.0,0.0,0.0,0.010637960461239215
2023-10-24,0.0,0.3092181376982923,1309.2181376982924,0.0,0.0,0.0,0.0,0.0
2023-10-25,0.0,0.3092181376982923,1309.2181376982924,0.0,0.0,0.0,0.0,0.0
2023-10-26,-0.00142670879358906,0.3073502646685118,1307.3502646685117,0.0,-0.0071335439679452994,0.0,0.0,0.0
2023-10-27,0.00011470679896656844,0.3075002266325,1307.5002266325,0.0,0.0005735339948328422,0.0,0.0,0.0
2023-10-30,0.0018403526683878014,0.30990648816350097,1309.906488163501,0.0,0.009201763341939007,0.0,0.0,0.0
2023-10-31,0.0022077256949667667,0.31279840237542333,1312.7984023754234,0.0,0.011038628474833834,0.0,0.0,0.0
2023-11-01,0.0,0.31279840237542333,1312.7984023754234,0.0,0.0,0.0,0.0,0.0
2023-11-02,0.0,0.31279840237542333,1312.7984023754234,0.0,0.0,0.0,0.0,0.0
2023-11-03,0.0,0.31279840237542333,1312.7984023754234,0.0,0.0,0.0,0.0,0.0
2023-11-06,0.0,0.31279840237542333,1312.7984023754234,0.0,0.0,0.0,0.0,0.0
2023-11-07,0.0,0.31279840237542333,1312.7984023754234,0.0,0.0,0.0,0.0,0.0
2023-11-08,0.0,0.31279840237542333,1312.7984023754234,0.0,0.0,0.0,0.0,0.0
2023-11-09,0.0,0.31279840237542333,1312.7984023754234,0.0,0.0,0.0,0.0,0.0
2023-11-10,0.0002337430233723348,0.3131052598430728,1313.1052598430729,0.0,0.0,0.0,0.0,0.0011687151168616738
2023-11-13,-0.0007211550903255316,0.31215830730080363,1312.1583073008037,0.0,0.0,0.0,0.0,-0.0036057754516276574
2023-11-14,-0.0017866959868059864,0.309813879319095,1309.813879319095,0.0,0.0,0.0,0.0,-0.008933479934029931
2023-11-15,0.0020207197769646747,0.3124606461291779,1312.4606461291778,0.010103598884823373,0.0,0.0,0.0,0.0
2023-11-16,0.0012471481990544266,0.3140974790603277,1314.0974790603277,0.006235740995272132,0.0,0.0,0.0,0.0
2023-11-17,0.0014802363080997694,0.3160426538612151,1316.042653861215,0.007401181540498847,0.0,0.0,0.0,0.0
2023-11-20,-0.00010189855432813922,0.3159085510173525,1315.9085510173525,0.0,0.0,0.0,0.0,-0.0005094927716406961
2023-11-21,0.0029623437991352034,0.31980672455368775,1319.8067245536877,0.0,0.0,0.0064989990603423475,0.0,0.008312719935333668
2023-11-22,0.0014999128757269943,0.32178631965331683,1321.786319653317,0.0,-0.006336722094717473,0.013836286473352444,0.0,0.0
2023-11-23,0.0026875627399162386,0.3253387033161481,1325.3387033161482,0.0,0.007881353440926553,0.0055564602586546386,0.0,0.0
2023-11-24,0.0022144627724843603,0.3282736165355744,1328.2736165355743,0.0,0.011072313862421801,0.0,0.0,0.0
2023-11-27,-0.0032741796811231573,0.3239246100493416,1323.9246100493415,0.0,-0.016370898405615786,0.0,0.0,0.0
2023-11-28,0.0008044966677793752,0.3249897029865174,1324.9897029865174,0.004022483338896876,0.0,0.0,0.0,0.0
2023-11-29,-0.0001115286383430725,0.32484192868912465,1324.8419286891246,-0.0011913709583584176,0.0006337277666430552,0.0,0.0,0.0
2023-11-30,-0.0059599005596642,0.3169460025368638,1316.9460025368637,0.0028908995419261174,-0.032690402340247116,0.0,0.0,0.0
2023-12-01,0.004896856496013503,0.32339489812428535,1323.3948981242854,0.0,0.02448428248006751,0.0,0.0,0.0
2023-12-04,0.006326827214770048,0.33176778898162596,1331.767788981626,0.027427152481086292,0.0,0.0,0.0,0.0042069835927639465
2023-12-05,0.00028693928268990203,0.3321499254757059,1332.149925475706,0.0,-0.009625032517001753,0.0,0.0,0.011059728930451262
2023-12-06,-0.0065455135690867024,0.3234303200624469,1323.430320062447,-0.013307818254278403,-0.01941974959115511,0.0,0.0,0.0
2023-12-07,-0.0034122638547564588,0.318914426617009,1318.914426617009,-0.013307907925167228,-0.02003513354219777,0.0,0.016281722193582704,0.0
2023-12-08,0.005694423242558289,0.32642488358288224,1326.4248835828823,-0.00041907160157617085,0.0031471250923540417,0.0,0.025744062722013572,0.0
2023-12-11,0.002462134435628039,0.32969071996502564,1329.6907199650257,0.007029876977152849,0.00835090523879689,0.0,0.0,-0.003070110037809548
2023-12-12,-0.0031922136397182894,0.3254460631121463,1325.4460631121462,-0.010696660808106162,-0.02601408744548306,0.00887192328121078,0.0,0.011877756773786996
2023-12-13,-0.008678556572320662,0.31394310446986795,1313.9431044698679,-0.014252434658630131,-0.03225477316542236,0.01445838372819186,0.0,-0.011343958765742679
2023-12-14,-0.0429047141033839,0.25756875122447553,1257.5687512244756,-0.12525526709685808,-0.09297126828553282,0.0,0.0,0.003702964865471392
2023-12-15,-0.002585863143047984,0.2543168505408353,1254.3168505408353,-0.0036730945821856764,-0.009256221133054243,0.0,0.0,0.0
2023-12-18,0.0051442216081581515,0.2607693343868642,1260.7693343868643,-0.006630948870775422,0.008105806296668794,0.0,0.0,0.02424625061489738
2023-12-19,0.048707700471091187,0.3221785094893166,1322.1785094893166,0.12585372077293955,0.11768478158251638,0.0,0.0,0.0
2023-12-20,-0.0014814844164797725,0.3202197226317036,1320.2197226317037,0.0,0.0,-0.007407422082398862,0.0,0.0
2023-12-21,0.001566995764947965,0.3222885013458683,1322.2885013458683,0.0,0.0,0.007834978824739824,0.0,0.0
2023-12-22,0.0018228110010882982,0.32469878337273417,1324.6987833727342,0.0,0.0,0.00911405500544149,0.0,0.0
2023-12-27,0.0,0.32469878337273417,1324.6987833727342,0.0,0.0,0.0,0.0,0.0
2023-12-28,-0.0024091270804148302,0.3215074156603184,1321.5074156603184,0.0,0.0,0.0,0.0,-0.01204563540207415
2023-12-29,0.001911855549082242,0.324033946946102,1324.0339469461019,0.0,0.0,-0.003906060628170449,0.0,0.013465338373581659
2024-01-02,-0.00021856883974042882,0.323744554382541,1323.744554382541,0.0,0.0,-0.00374493816050836,0.02767855375418171,-0.0250264597923755
2024-01-03,0.008777694634355803,0.3353639798548025,1335.3639798548024,0.0,0.0,0.004910382577427819,0.017337187781878316,0.021640902812472884
2024-01-04,0.0016232535875624343,0.33753161422580336,1337.5316142258034,0.0,0.0,0.008116267937812172,0.0,0.0
2024-01-05,0.003072819868359389,0.3416416079445552,1341.6416079445553,0.0,0.0,0.0,0.0,0.015364099341796944
2024-01-08,0.0,0.3416416079445552,1341.6416079445553,0.0,0.0,0.0,0.0,0.0
2024-01-09,-0.0019976794645071073,0.33896143805563606,1338.961438055636,0.0,-0.009988397322535536,0.0,0.0,0.0
2024-01-10,0.0009810876732399888,0.34027507661745604,1340.275076617456,0.0,0.0053458449462464586,0.0,0.0,-0.0004404065800465151
2024-01-11,0.0037676413430337346,0.34532475240715765,1345.3247524071576,0.01620555897749465,-0.0008909999097819199,0.0,0.0,0.003523647647455941
2024-01-12,-0.005137008706790036,0.338413807440582,1338.413807440582,0.0,-0.004714581159976916,0.0,-0.004419638242894042,-0.016550824131079223
2024-01-15,-0.0019080264363962708,0.3358600785131476,1335.8600785131475,0.0,-0.0012777665879530886,0.0,-0.0016609697156566572,-0.006601395878371608
2024-01-16,0.00866248400021552,0.34743194506979447,1347.4319450697944,0.0,0.0058774210507941405,0.0,0.018128333959738563,0.019306664990544897
2024-01-17,0.004741385741601434,0.3538206396819268,1353.8206396819269,0.0,0.0,0.0,0.0,0.02370692870800717
2024-01-18,-0.002927795641808251,0.34985692951327607,1349.856929513276,0.0,0.0,-0.014638978209041253,0.0,0.0
2024-01-19,-0.015513213703099549,0.3289163104971269,1328.916310497127,0.0,0.0,-0.07756606851549774,0.0,0.0
2024-01-22,0.0009072763563781283,0.33012200484524623,1330.1220048452462,0.0,0.0,0.0045363817818906416,0.0,0.0
2024-01-23,-0.003472738144852983,0.3255028394217119,1325.5028394217118,0.0,0.0,-0.017363690724264913,0.0,0.0
2024-01-24,0.002817071817071826,0.3292368761140956,1329.2368761140956,0.0,0.0,0.014085359085359128,0.0,0.0
2024-01-25,-0.0020223736114042936,0.3265486625325369,1326.5486625325368,0.0,0.0,-0.010111868057021467,0.0,0.0
2024-01-26,-0.0019204711277882149,0.32400106412653695,1324.001064126537,0.0,0.0,-0.009602355638941074,0.0,0.0
2024-01-29,-0.004174936537294483,0.31847344370849817,1318.4734437084983,0.0,0.0,-0.020874682686472412,0.0,0.0
2024-01-30,-0.0002498069583459772,0.3181440798678654,1318.1440798678655,0.0,0.0,-0.0024190692833461203,0.0,0.0011700344916162342
2024-01-31,-0.004823440390076095,0.31178609047309114,1311.7860904730912,0.0,0.0,-0.01998497054542192,0.0,-0.004132231404958553
2024-02-01,0.003226129631008923,0.3160180824491119,1316.018082449112,0.0,0.0,0.033652891006061725,0.0,-0.01752224285101711
2024-02-02,0.0,0.3160180824491119,1316.018082449112,0.0,0.0,0.0,0.0,0.0
2024-02-05,0.0,0.3160180824491119,1316.018082449112,0.0,0.0,0.0,0.0,0.0
2024-02-06,0.0007799442896935905,0.31704450323765165,1317.0445032376517,0.0,0.0,0.0,0.003899721448467952,0.0
2024-02-07,0.000903824629923622,0.3182348804983832,1318.2348804983833,0.0,0.0,0.0,0.0045191231496181095,0.0
2024-02-08,-0.0003483862993804987,0.3177756255266522,1317.7756255266522,0.0,0.0,0.0,-0.0017419314969024935,0.0
2024-02-09,-0.0010089696476011545,0.3164460299181473,1316.4460299181474,0.0,0.0,0.0,-0.005044848238005772,0.0
2024-02-12,0.0026072459639916003,0.31987832851646414,1319.878328516464,0.0,0.0,0.0,0.013036229819958,0.0
2024-02-13,0.0,0.31987832851646414,1319.878328516464,0.0,0.0,0.0,0.0,0.0
2024-02-14,-0.0009369661175690603,0.31864164724333044,1318.6416472433305,0.0,0.0,-0.004684830587845301,0.0,0.0
2024-02-15,-0.0027059359105936487,0.3150734874568504,1315.0734874568504,-0.018146976658278025,0.0,0.004617297105309781,0.0,0.0
2024-02-16,-0.012381222819722471,0.29879126958433777,1298.7912695843377,-0.06649112541640378,0.0,0.004585011317791432,0.0,0.0
2024-02-19,0.0064050027588743235,0.3071100312492272,1307.1100312492272,0.032025013794371615,0.0,0.0,0.0,0.0
2024-02-20,0.004268312027084953,0.3126891847163318,1312.6891847163317,0.035541146806783885,-0.014199586671359121,0.0,0.0,0.0
2024-02-21,0.010643727145937554,0.32666109022587575,1326.6610902258758,0.03444097528427292,0.018777660445414845,0.0,0.0,0.0
2024-02-22,0.0001234698655489197,0.326824892892315,1326.824892892315,0.0,0.0006173493277445985,0.0,0.0,0.0
2024-02-23,0.015837924081664,0.34783904481560546,1347.8390448156053,0.0,0.07918962040832,0.0,0.0,0.0
2024-02-26,-0.0013145574414962448,0.346067232969304,1346.0672329693039,0.0,0.0,-0.006572787207481223,0.0,0.0
2024-02-27,0.010437621921728214,0.36011697382826435,1360.1169738282645,0.0,0.017373416000074138,0.023439521447183198,0.0,0.011375172161383729
2024-02-28,0.018079164571610407,0.38470675243474606,1384.706752434746,0.0,0.014076000017823831,0.0178323218509715,0.0039523760481912085,0.054535124941065494
2024-02-29,-0.0029546244045996596,0.3806154640707884,1380.6154640707884,0.0,0.0,0.0,-0.014773122022998297,0.0
2024-03-01,0.005260999364900298,0.3878788811504361,1387.8788811504362,0.0,0.01747139500876682,0.0,0.00883360181573467,0.0
2024-03-04,0.0028531423836025476,0.3918386972095531,1391.8386972095532,0.0,0.01216437987624408,0.0,0.0021013320417686554,0.0
2024-03-05,-0.000704018637157855,0.3908588168268001,1390.8588168268002,0.0,0.0,0.0,-0.0035200931857892748,0.0
2024-03-06,0.002515483752597181,0.3943574995826844,1394.3574995826843,0.0,0.0,0.0,0.012577418762985904,0.0
2024-03-07,0.0,0.3943574995826844,1394.3574995826843,0.0,0.0,0.0,0.0,0.0
2024-03-08,-0.0019443047705345108,0.39164644364441514,1391.646443644415,0.0,-0.009825915621840431,0.0,0.00010439176916787751,0.0
2024-03-11,-0.00558805950232153,0.38386984051113604,1383.869840511136,0.0,-0.026570615584645352,-0.007962839692160384,0.006593157765198088,0.0
2024-03-12,0.0033006551806925356,0.3884375176696231,1388.437517669623,0.0,0.01748255954846445,-0.0009792836450017717,0.0,0.0
2024-03-13,-0.014006587105192071,0.36899024663826685,1368.9902466382669,0.0,-0.030269120714635056,-0.03976381481132529,0.0,0.0
2024-03-14,-0.0198140209774645,0.34186504517343197,1341.865045173432,-0.032331485627727585,-0.0667386192595949,0.0,0.0,0.0
2024-03-15,0.01470518577700255,0.3615974199503733,1361.5974199503733,0.01549441586989353,0.05138440432657432,0.0066471086885449004,0.0,0.0
2024-03-18,0.012916377124333557,0.37918432571797167,1379.1843257179717,0.013807310654334382,0.024366646032510264,0.018938229071528534,0.0,0.007469699863294599
2024-03-19,-0.0012445844925836446,0.37746781429376863,1377.4678142937687,0.0,0.0,-0.005038752484235243,0.014254873512046462,-0.015439043490729443
2024-03-20,0.0016515095435871265,0.379742715535059,1379.742715535059,0.0,0.0,0.0,-0.0014613212473322257,0.009718868965267857
2024-03-21,-0.0019448601717054095,0.37705930888041417,1377.0593088804142,0.0,0.0,0.0,0.007720501848200723,-0.01744480270672777
2024-03-22,-0.03369959764694084,0.33065296423516966,1330.6529642351697,0.0,0.0,0.0,0.0,-0.1684979882347042
2024-03-25,0.0009905449333386107,0.331971035786925,1331.971035786925,0.0,0.0,0.0,-0.012652463360539046,0.0176051880272321
2024-03-26,-0.000545145171815209,0.3312449182077679,1331.244918207768,-0.018174850554193656,0.0,0.0,0.012416201915322667,0.0030329227797949443
2024-03-27,0.012254542777133625,0.3475587160047868,1347.558716004787,0.07000541714501551,0.020132598164315674,0.0,-0.009303925362995402,-0.019561376060667657
2024-03-28,0.00034443168771529646,0.34802285792763565,1348.0228579276356,0.0,0.0,0.0,0.001722158438576482,0.0
2024-04-02,0.006518900225777547,0.3568104844405333,1356.8104844405334,0.0,0.0,0.0,0.014313992692144284,0.018280508436743448
2024-04-03,0.0,0.3568104844405333,1356.8104844405334,0.0,0.0,0.0,0.0,0.0
2024-04-04,0.0,0.3568104844405333,1356.8104844405334,0.0,0.0,0.0,0.0,0.0
2024-04-05,-0.007130476392692465,0.34713577931187234,1347.1357793118723,-0.01695943288563395,-0.01869294907782837,0.0,0.0,0.0
2024-04-08,0.014588215838993526,0.3667880868249047,1366.7880868249047,0.03396392731458997,0.03897715188037765,0.0,0.0,0.0
2024-04-09,-0.025033466564519147,0.33257264295259037,1332.5726429525903,-0.05683710621691551,-0.06833022660568022,0.0,0.0,0.0
2024-04-10,0.029382626227666943,0.3717271268416804,1371.7271268416805,0.053344341730672706,0.07084094517957373,0.022727844228088268,0.0,0.0
2024-04-11,0.004131917457711487,0.3773949901042939,1377.3949901042938,0.0,0.0,0.0,0.0,0.020659587288557435
2024-04-12,0.0,0.3773949901042939,1377.3949901042938,0.0,0.0,0.0,0.0,0.0
2024-04-15,0.0,0.3773949901042939,1377.3949901042938,0.0,0.0,0.0,0.0,0.0
2024-04-16,0.0,0.3773949901042939,1377.3949901042938,0.0,0.0,0.0,0.0,0.0
2024-04-17,0.0,0.3773949901042939,1377.3949901042938,0.0,0.0,0.0,0.0,0.0
2024-04-18,-0.00035240645792486983,0.3769095872146677,1376.9095872146677,0.0,0.0,-0.001762032289624349,0.0,0.0
2024-04-19,0.001082595565354172,0.37840022342768,1378.40022342768,0.0,0.0,0.0054129778267708595,0.0,0.0
2024-04-22,-0.0014129960281814569,0.37645254938673234,1376.4525493867322,0.0,0.0,-0.007064980140907284,0.0,0.0
2024-04-23,0.00039712059712928573,0.376999167045065,1376.999167045065,0.0,0.0,0.0019856029856464286,0.0,0.0
2024-04-24,-8.909842046112005e-06,0.3769868981999889,1376.986898199989,0.0,0.0,-4.454921023056002e-05,0.0,0.0
2024-04-25,0.0007630512664069445,0.37803760979648615,1378.037609796486,0.0,0.0,0.0,0.0,0.003815256332034722
2024-04-26,-0.0002270147559591207,0.37772477492479584,1377.7247749247958,0.0,0.0,0.0,0.0,-0.0011350737797956034
2024-04-29,-0.004129157314614407,0.3720359325928897,1372.0359325928896,0.0,0.0,-0.025470525502886643,0.0,0.004824738929814609
2024-04-30,-0.0014698428058776748,0.37001925544796244,1370.0192554479625,0.0,0.0,-0.007349214029388373,0.0,0.0
2024-05-02,0.000941461394021026,0.3713090756860322,1371.3090756860322,0.0,0.0,0.0047073069701051296,0.0,0.0
2024-05-03,-0.0034932125036430286,0.36651880167648665,1366.5188016764866,0.0,0.0,-0.017466062518215142,0.0,0.0
2024-05-06,0.0014869514982543297,0.36855074885603223,1368.5507488560322,0.0,0.0,0.0074347574912716485,0.0,0.0
2024-05-07,-0.0013865212514801329,0.36665322415901436,1366.6532241590144,0.0,0.0,-0.006932606257400664,0.0,0.0
2024-05-08,0.0027990295101591347,0.37047852686358973,1370.4785268635897,0.0,0.0,0.013995147550795672,0.0,0.0
2024-05-09,-0.004019818063677705,0.364969452525421,1364.969452525421,0.0,-0.020099090318388524,0.0,0.0,0.0
2024-05-10,0.0024557047677374656,0.36832141451780354,1368.3214145178035,-0.0029408284359697667,0.015219352274657094,0.0,0.0,0.0
2024-05-13,-0.0030213418397548875,0.36418724777788825,1364.1872477778882,-0.005710577186058385,-0.009396132012716052,0.0,0.0,0.0
2024-05-14,1.165094106436726e-05,0.36420314184311287,1364.203141843113,-0.009244772388661726,0.009303027093983562,0.0,0.0,0.0
2024-05-15,0.02269298856293487,0.39516098813847833,1395.1609881384784,0.08040680669806555,0.02024876394137165,0.012809372175237144,0.0,0.0
2024-05-16,0.0,0.39516098813847833,1395.1609881384784,0.0,0.0,0.0,0.0,0.0
2024-05-17,0.0,0.39516098813847833,1395.1609881384784,0.0,0.0,0.0,0.0,0.0
2024-05-20,0.0,0.39516098813847833,1395.1609881384784,0.0,0.0,0.0,0.0,0.0
2024-05-21,0.006978560644010812,0.4048972037023608,1404.897203702361,0.020248233799453286,0.014644569420600773,0.0,0.0,0.0
2024-05-22,-0.005586827468702493,0.39704828541401316,1397.0482854140132,-0.009849798975430368,-0.018084338368082098,0.0,0.0,0.0
2024-05-23,0.001941797051115124,0.39976106965489544,1399.7610696548954,0.004051613673927923,0.005657371581647697,0.0,0.0,0.0
2024-05-24,-0.000940870484939671,0.3984440757784897,1398.4440757784898,0.004034714075067947,-0.008739066499766301,0.0,0.0,0.0
2024-05-27,-0.0018822968377624429,0.3958117889168642,1395.811788916864,0.0,-0.004372503352857882,0.0,-0.005038980835954332,0.0
2024-05-28,-0.0022184008123540266,0.39271531891043776,1392.7153189104379,0.0,-0.008987921262700205,0.0,0.010239656555173005,-0.012343739354242933
2024-05-29,0.03026203569282149,0.43486171960124476,1434.8617196012447,0.005754609802574029,0.14122366217050164,0.0,-0.005204439166703323,0.00953634565773509
2024-05-30,-0.004596635675818695,0.428266183031059,1428.266183031059,0.006230328561033227,0.0,0.0,0.004267646724710694,-0.03348115366483739
2024-05-31,-0.004304221251819551,0.42211860937280155,1422.1186093728015,0.0,0.0,0.0,0.0,-0.021521106259097755
2024-06-03,0.0039040740902201777,0.4276706657888738,1427.6706657888737,0.0,0.0,0.0,0.0,0.019520370451100888
2024-06-04,-0.005974510433570579,0.41914103250041546,1419.1410325004153,0.0,0.0,0.0,0.007573337346419073,-0.03744588951427197
2024-06-05,0.0,0.41914103250041546,1419.1410325004153,0.0,0.0,0.0,0.0,0.0
2024-06-06,-0.0038136001223850967,0.4137289960851902,1413.7289960851901,0.0032023684863884405,0.0,0.0,0.0,-0.022270369098313925
2024-06-07,-0.007845065896105962,0.4026381989516661,1402.638198951666,-0.015929874935074806,0.0,0.0,0.0,-0.023295454545455008
2024-06-10,-0.00021176122010369003,0.40234117457529206,1402.3411745752921,-0.009324049447754224,0.0,0.0,0.0,0.008265243347235773
2024-06-11,-0.0011598565037376218,0.40071466004350187,1400.714660043502,-0.006971953187786539,0.0,0.0,0.0,0.00117267066909843
2024-06-12,0.0078358392247742,0.41169043491938684,1411.690434919387,-0.01218276140152108,0.0,0.0,0.0,0.05136195752539208
2024-06-13,-0.004950986030801952,0.40470117529628435,1404.7011752962844,-0.024754930154009758,0.0,0.0,0.0,0.0
2024-06-14,-0.0015697761398407951,0.40249610890769794,1402.496108907698,-0.007848880699203975,0.0,0.0,0.0,0.0
2024-06-17,0.004604047462434702,0.40895326755898886,1408.953267558989,0.023020237312173508,0.0,0.0,0.0,0.0
2024-06-18,0.0016867822527534939,0.4113298649256665,1411.3298649256665,0.0,0.0,0.008433911263767468,0.0,0.0
2024-06-19,0.002694658390475846,0.41513291678791764,1415.1329167879176,0.0,0.0,0.01347329195237923,0.0,0.0
2024-06-20,0.0,0.41513291678791764,1415.1329167879176,0.0,0.0,0.0,0.0,0.0
2024-06-21,0.0,0.41513291678791764,1415.1329167879176,0.0,0.0,0.0,0.0,0.0
2024-06-24,0.013492797408357448,0.434227018540035,1434.227018540035,0.030724675987227057,0.019828177505720523,0.016911133548839663,0.0,0.0
2024-06-25,0.0,0.434227018540035,1434.227018540035,0.0,0.0,0.0,0.0,0.0
2024-06-26,0.0005402276510344528,0.43500182763331097,1435.001827633311,0.0,0.0,0.0,0.002701138255172264,0.0
2024-06-27,-0.0008298724530152014,0.43381095914653156,1433.8109591465316,0.0,0.0,0.0,-0.0041493622650760065,0.0
2024-06-28,-0.001398134297914,0.43180629886782373,1431.8062988678237,0.0,0.0,0.0,-0.0069906714895699995,0.0
2024-07-01,0.007911288232031266,0.4431337311906052,1443.1337311906052,0.009418920622817017,0.0,0.0,0.030137520537339313,0.0
2024-07-02,-0.004353030294369531,0.4368517263399059,1436.8517263399058,-0.021765151471847655,0.0,0.0,0.0,0.0
2024-07-03,0.0034682898047254,0.44183514453327266,1441.8351445332726,0.017341449023626998,0.0,0.0,0.0,0.0
2024-07-04,0.0,0.44183514453327266,1441.8351445332726,0.0,0.0,0.0,0.0,0.0
2024-07-05,0.0007663169742129883,0.4429400472785452,1442.940047278545,0.0,0.0,0.0038315848710649414,0.0,0.0
2024-07-08,-0.0031746699083194277,0.43835918893094106,1438.359188930941,0.0,0.0,-0.020078730679097045,0.0,0.004205381137499908
2024-07-09,0.001177419600322649,0.44005274123229254,1440.0527412322926,0.0,0.0,0.0,0.0,0.005887098001613245
2024-07-10,0.0,0.44005274123229254,1440.0527412322926,0.0,0.0,0.0,0.0,0.0
2024-07-11,-0.00015896092277216668,0.43982382911970563,1439.8238291197056,0.0,0.0,0.0,0.0,-0.0007948046138608333
2024-07-12,0.000275205398179601,0.4402200764099069,1440.2200764099068,0.0,0.0,0.0,0.0008804946475806652,0.0004955323433173398
2024-07-15,-0.008882514304407963,0.4274273009797003,1427.4273009797002,0.0,0.0,0.0,-0.035926134490314565,-0.008486437031725247
2024-07-16,0.0024004693706882966,0.4308537964945862,1430.8537964945863,0.0,0.018870076331705343,0.0,-0.0067337171491295145,-0.00013401232913434757
2024-07-17,0.0014046575491403646,0.43286365608154864,1432.8636560815487,0.0,0.0,0.0,0.006470801557856509,0.0005524861878453136
2024-07-18,0.004226765162753621,0.43892003426605,1438.92003426605,0.0,0.0,0.0,0.015377492177963692,0.0057563336358044115
2024-07-19,-0.0032634894039798024,0.4342241339810484,1434.2241339810485,0.0,0.0,0.0,-0.016317447019899012,0.0
2024-07-22,0.004228375896164316,0.440288572738871,1440.288572738871,0.0,0.0,0.0,0.02114187948082158,0.0
2024-07-23,0.0,0.440288572738871,1440.288572738871,0.0,0.0,0.0,0.0,0.0
2024-07-24,0.0,0.440288572738871,1440.288572738871,0.0,0.0,0.0,0.0,0.0
2024-07-25,0.0,0.440288572738871,1440.288572738871,0.0,0.0,0.0,0.0,0.0
2024-07-26,-0.002210306989316502,0.4371050928399136,1437.1050928399136,0.0,0.0,0.0,0.0,-0.011051534946582509
2024-07-29,-0.0034082517599425266,0.4322070768780195,1432.2070768780195,0.0,0.0,0.0,0.0,-0.017041258799712633
2024-07-30,0.011147973244287113,0.4481732830513345,1448.1732830513345,0.04923957947352553,0.0,0.0,0.009984440023220076,-0.0034841532753100424
2024-07-31,0.001653823622189199,0.4505683062358681,1450.568306235868,0.0,0.0,0.0,0.0,0.008269118110945994
2024-08-01,-0.00471513970855062,0.44372867401517024,1443.7286740151703,0.0,0.0,0.0,0.0,-0.0235756985427531
2024-08-02,-0.0019587769402340974,0.44090073158055465,1440.9007315805547,0.0,0.013101200726243212,0.0,-0.009266884936038111,-0.013628200491375586
2024-08-05,0.011407839382709173,0.457338295692854,1457.338295692854,0.0,-0.006227079049456408,0.0,0.05721671328078637,0.006049562682215903
2024-08-06,-7.776859453008101e-05,0.45722496054184303,1457.224960541843,0.0,-0.00102798877308663,0.0,0.0,0.0006391458004362249
2024-08-07,0.00048416782883071736,0.4579305019871065,1457.9305019871065,0.0,-0.012976088179282197,0.0,0.0,0.015396927323435783
2024-08-08,0.001844386665489406,0.46061948956418175,1460.6194895641818,0.010218025648449203,-0.002733511831080171,0.0017374195100779977,0.0,0.0
2024-08-09,0.004972115394382137,0.4678818582135782,1467.8818582135782,0.00471501437520816,0.011499684032981627,0.007890146977069135,0.0,0.0007557315866517644
2024-08-12,-0.0015101247582844925,0.4656651734772532,1465.6651734772531,-0.0005635737348335113,0.0,0.0,0.0,-0.00698705005658895
2024-08-13,0.0016647353799341903,0.4681051181466782,1468.1051181466783,0.0,0.0,0.0,0.0,0.008323676899670951
2024-08-14,0.0,0.4681051181466782,1468.1051181466783,0.0,0.0,0.0,0.0,0.0
2024-08-15,0.0010482114434112733,0.46964400273164997,1469.64400273165,0.0,0.0,0.0,0.005241057217056366,0.0
2024-08-16,-7.334585795479856e-05,0.4695362104313814,1469.5362104313813,0.0,0.0,0.0011834358365112596,-0.0015501651262852523,0.0
2024-08-19,0.00041826684915746704,0.4701508687118414,1470.1508687118414,0.0,0.0,-0.0034280275981568575,0.005519361843944193,0.0
2024-08-20,0.00044923163925556517,0.4708113069965456,1470.8113069965457,0.0,0.0,0.015927845958527254,0.0,-0.013681687762249428
2024-08-21,-0.0006738694612810295,0.46982017217345384,1469.8201721734538,0.0,0.0,0.012801509610799178,0.0,-0.016170856917204324
2024-08-22,0.006982938434604691,0.48008383594568116,1480.0838359456811,0.0,0.0,0.0,0.0,0.034914692173023454
2024-08-23,0.005925344295858448,0.4888538422603943,1488.8538422603942,0.0,0.0,0.0,0.0,0.02962672147929224
2024-08-26,0.0,0.4888538422603943,1488.8538422603942,0.0,0.0,0.0,0.0,0.0
2024-08-27,0.0,0.4888538422603943,1488.8538422603942,0.0,0.0,0.0,0.0,0.0
2024-08-28,0.0,0.4888538422603943,1488.8538422603942,0.0,0.0,0.0,0.0,0.0
2024-08-29,0.0009978756181988624,0.49033953320864754,1490.3395332086475,0.004989378090994312,0.0,0.0,0.0,0.0
2024-08-30,0.006660297420219319,0.5002656377569279,1500.2656377569278,0.033301487101096594,0.0,0.0,0.0,0.0
2024-09-02,0.00047815114889093735,0.500982991495263,1500.9829914952631,0.0,0.0,0.0023907557444546867,0.0,0.0
2024-09-03,0.0031442262410536384,0.5057024216044976,1505.7024216044977,0.0,0.0,0.015065693308808248,0.0,0.0006554378964599428
2024-09-04,0.002666128568463111,0.5097168178463414,1509.7168178463414,0.0,0.008180726152210216,0.0,0.0,0.005149916690105338
2024-09-05,-0.0016161770061852378,0.5072768482394869,1507.276848239487,0.0,-0.008080885030926188,0.0,0.0,0.0
2024-09-06,-0.0039003020124930288,0.5013980133149143,1501.3980133149144,0.0,-0.019501510062465144,0.0,0.0,0.0
2024-09-09,0.007476008335117701,0.5126224773767858,1512.6224773767858,0.0,0.031793182460115865,0.0,0.0,0.005586859215472639
2024-09-10,-0.006056965676712789,0.5034605749494903,1503.4605749494904,0.0,-0.022533906985227947,0.0,0.0,-0.007750921398335997
2024-09-11,-0.00039360739446023805,0.5028688017499106,1502.8688017499105,0.0,-0.002869958868698008,0.0,0.0,0.0009019218963968179
2024-09-12,0.0043014116122459985,0.5093332590654398,1509.3332590654397,0.0,0.01205497888484408,0.0,0.0,0.009452079176385908
2024-09-13,0.0,0.5093332590654398,1509.3332590654397,0.0,0.0,0.0,0.0,0.0
2024-09-16,-0.004084504425251501,0.5031683806896077,1503.1683806896076,-0.021266935833200162,0.0,0.0,0.0008444137069426594,0.0
2024-09-17,0.0008324986365666918,0.504419766317062,1504.4197663170619,-0.01689492083076294,0.0,0.0,0.0210574140135964,0.0
2024-09-18,0.005188275201013193,0.512225110082559,1512.225110082559,0.025941376005065964,0.0,0.0,0.0,0.0
2024-09-19,0.008612425106752308,0.5252490355876953,1525.2490355876953,0.04306212553376154,0.0,0.0,0.0,0.0
2024-09-20,0.0,0.5252490355876953,1525.2490355876953,0.0,0.0,0.0,0.0,0.0
2024-09-23,0.0,0.5252490355876953,1525.2490355876953,0.0,0.0,0.0,0.0,0.0
2024-09-24,-0.0013103037522334661,0.5232504960532742,1523.2504960532742,0.0,0.0,0.0,0.0,-0.00655151876116733
2024-09-25,0.0027636884007768317,0.5274602857806943,1527.4602857806942,0.0,0.0,0.0,0.0,0.013818442003884157
2024-09-26,0.0,0.5274602857806943,1527.4602857806942,0.0,0.0,0.0,0.0,0.0
2024-09-27,-0.00047987015278216916,0.526727303179988,1526.727303179988,0.0,0.0,0.0,0.0,-0.002399350763910846
2024-09-30,0.0009307347072589067,0.5281482812695772,1528.1482812695772,0.0,0.0,0.0,0.0,0.004653673536294534
2024-10-01,-0.002082454458293381,0.5249659820683141,1524.9659820683141,0.0,0.0,0.0,0.0,-0.010412272291466906
2024-10-02,0.0006125017152966096,0.5259000263481002,1525.9000263481003,0.0,0.000614687118483559,0.0007122959088188274,-0.0015446037162896165,0.0032801292654702774
2024-10-03,-0.0012953500638917645,0.5239234516514777,1523.9234516514778,0.006013467649408688,0.006562623606070628,0.005809046042610344,-0.011513303279412912,-0.013348584338135572
2024-10-04,0.003207939432811191,0.5288121057846162,1528.8121057846163,0.019047214323353545,0.011917907033532682,0.0009109580101507309,-0.001336040419598561,-0.014500341783382442
2024-10-07,0.007345025521528027,0.5400412697192252,1540.041269719225,0.0,0.0,0.0,0.01157876554583126,0.02514636206180887
2024-10-08,-0.0021374881291968293,0.5367494497867271,1536.7494497867272,-0.0013684966113861607,0.0,0.0,-0.0029362102386365496,-0.006382733795961437
2024-10-09,-0.006006610177964689,0.5275187949006566,1527.5187949006565,-0.0006329187668803193,0.0,0.0007051199802103891,-0.0270538693786746,-0.0030513827244789127
2024-10-10,0.00012756437244809595,0.5277136518771308,1527.7136518771308,-0.023073876289345208,0.0,-0.018723853837616433,0.009424973808535686,0.03301057818066644
2024-10-11,-0.004158317504548581,0.5213609334565923,1521.3609334565922,0.0,0.0,0.0007832477599918342,-0.02157483528273474,0.0
2024-10-14,-0.0033798495487871397,0.5162189623921067,1516.2189623921067,-0.0038049397672395013,0.0015796072003002593,0.004606421711814468,-0.019280336888810923,0.0
2024-10-15,0.00816907436695109,0.5286050678524694,1528.6050678524693,-0.01060643467580169,0.018071148288729577,0.010384439119909383,0.02299621910191818,0.0
2024-10-16,-0.011183351587427382,0.5115101399403521,1511.510139940352,-0.014580655998569503,0.0,0.0,-0.041336101938567404,0.0
2024-10-17,0.05682676022658648,0.5974043642427966,1597.4043642427966,0.0032687057713187695,0.0,0.0,0.28086509536161364,0.0
2024-10-18,0.0006955599378035249,0.5985154547230365,1598.5154547230366,0.0034777996890176244,0.0,0.0,0.0,0.0
2024-10-21,0.0011423041409190926,0.6003414455462897,1600.3414455462896,0.005711520704595463,0.0,0.0,0.0,0.0
2024-10-22,-0.00029705943864986043,0.5998660490148275,1599.8660490148275,0.0,-0.001485297193249302,0.0,0.0,0.0
2024-10-23,-0.0015793803457578638,0.5973392520211682,1597.3392520211682,0.0,-0.007896901728789318,0.0,0.0,0.0
2024-10-24,-0.00037059812241215797,0.5967472810935139,1596.747281093514,0.0,-0.0018529906120607897,0.0,0.0,0.0
2024-10-25,0.00034372860402951403,0.5972961288074321,1597.296128807432,0.0,0.00171864302014757,0.0,0.0,0.0
2024-10-28,0.00019700313131938403,0.5976108011464516,1597.6108011464516,0.0,0.013606259097525442,0.0,0.0,-0.01262124344092852
2024-10-29,0.02313208971531875,0.6345668775287334,1634.5668775287334,0.0,0.0,0.0,0.0,0.11566044857659374
2024-10-30,0.0,0.6345668775287334,1634.5668775287334,0.0,0.0,0.0,0.0,0.0
2024-10-31,0.0,0.6345668775287334,1634.5668775287334,0.0,0.0,0.0,0.0,0.0
2024-11-01,0.002565683689781695,0.6387606591062662,1638.7606591062663,0.0,0.012828418448908474,0.0,0.0,0.0
2024-11-04,-0.0018550919862329264,0.6357206073402044,1635.7206073402044,0.0,-0.004899207816815965,-0.004376252114348667,0.0,0.0
2024-11-05,0.011667331677099256,0.6548051021971086,1654.8051021971087,0.0,0.023617171865818243,0.01938107201820527,0.015338414501472775,0.0
2024-11-06,0.0,0.6548051021971086,1654.8051021971087,0.0,0.0,0.0,0.0,0.0
2024-11-07,0.0006300010345430041,0.6558476311234598,1655.8476311234597,0.0,0.0,0.0,0.0031500051727150202,0.0
2024-11-08,-0.0011019850901525575,0.6540229117223972,1654.0229117223973,0.0,0.0,0.0,-0.005509925450762787,0.0
2024-11-11,0.0013910396878889842,0.6563237232372807,1656.3237232372808,0.0,0.0,0.0,0.006955198439444921,0.0
2024-11-12,0.0,0.6563237232372807,1656.3237232372808,0.0,0.0,0.0,0.0,0.0
2024-11-13,0.0015833351423039767,0.6589462387953142,1658.9462387953142,0.0,0.0,0.0,0.007916675711519883,0.0
2024-11-14,0.0008329388417276818,0.6603280395539448,1660.3280395539448,0.0,0.0,0.0,0.004164694208638409,0.0
2024-11-15,-0.0006574197388649506,0.6592365071277513,1659.2365071277513,0.0,0.0,-0.0032870986943247527,0.0,0.0
2024-11-18,-0.012191023929341705,0.6390087151649195,1639.0087151649195,0.0,0.0,-0.06095511964670852,0.0,0.0
2024-11-19,0.005482510035225707,0.6479945968936338,1647.9945968936338,0.0,0.0,0.027412550176128536,0.0,0.0
2024-11-20,-0.00033634882573010396,0.6474402958461591,1647.4402958461592,0.0,0.0,-0.0021340098697044674,0.0,0.0004522657410539477
2024-11-21,0.0014271399153220844,0.6497914236504712,1649.7914236504712,0.0,0.0,0.0030316954239422156,0.0,0.004104004152668206
2024-11-22,-0.00028903300027660617,0.6493145794854629,1649.314579485463,0.0,0.0,0.0,-0.0014451650013830308,0.0
2024-11-25,0.00018088554293735904,0.6496129166486475,1649.6129166486476,0.0,0.0,0.0,0.0009044277146867952,0.0
2024-11-26,0.00033227827427615434,0.6501610471818151,1650.161047181815,0.0,0.0,0.0,0.0016613913713807715,0.0
2024-11-27,-0.0017880527374264379,0.6472104722042071,1647.2104722042072,0.0,0.0,-0.0006968613928547418,-0.008243402294277447,0.0
2024-11-28,-0.0017395202283299494,0.6443451162674911,1644.3451162674912,0.0,0.0,-0.0062985930910457455,0.0,-0.0023990080506040012
2024-11-29,-0.0017079367055141013,0.641536678886885,1641.536678886885,0.0,0.0,0.013012012879254686,0.0,-0.021551696406825194
2024-12-02,0.0,0.641536678886885,1641.536678886885,0.0,0.0,0.0,0.0,0.0
2024-12-03,0.0,0.641536678886885,1641.536678886885,0.0,0.0,0.0,0.0,0.0
2024-12-04,-0.0023552373331176216,0.6376704704170888,1637.6704704170888,0.0,0.0,-0.011776186665588106,0.0,0.0
2024-12-05,0.0006876961643196289,0.6387966901180142,1638.796690118014,0.0,0.0,0.0034384808215981444,0.0,0.0
2024-12-06,0.0043984791072568365,0.6460049031205399,1646.00490312054,0.0,0.0,0.02199239553628418,0.0,0.0
2024-12-09,0.0009987515605492715,0.6476488530862032,1647.6488530862032,0.0,0.0,0.004993757802746357,0.0,0.0
2024-12-10,-0.000414008364113716,0.646966712679903,1646.966712679903,0.0,-0.00207004182056858,0.0,0.0,0.0
2024-12-11,0.0015960701626760443,0.6495953871089322,1649.595387108932,0.0,0.007980350813380221,0.0,0.0,0.0
2024-12-12,0.005708671921532061,0.6590123859772097,1659.0123859772098,0.0,0.01826316066026623,0.0,0.01028019894739407,0.0
2024-12-13,-0.0006118881118880815,0.6579972560207552,1657.9972560207552,0.0,0.0,0.0,-0.0030594405594404073,0.0
2024-12-16,9.35891436593117e-05,0.6581524265641356,1658.1524265641356,0.0,0.0,0.0,0.0004679457182965585,0.0
2024-12-17,-0.002083595729113763,0.654697507249927,1654.697507249927,0.0,0.0,0.0,-0.010417978645568815,0.0
2024-12-18,0.0013035610359376948,0.6568545064466413,1656.8545064466414,0.0,0.0,0.0,0.006517805179688474,0.0
2024-12-19,-0.00020381173230914486,0.6565168200594984,1656.5168200594985,0.0,0.0,0.0,-0.0010190586615457242,0.0
2024-12-20,0.004081495798820911,0.6632778865012474,1663.2778865012474,0.0,0.0,0.0,-0.01393653906458614,0.034344018058690695
2024-12-23,-0.0033570920143368484,0.6576941095908511,1657.694109590851,-0.005497289355018475,-0.010412218521365202,0.0,-0.0008759521953005667,0.0
2024-12-24,0.0025018037482382295,0.661841334927658,1661.841334927658,-0.005149330587023826,0.017658349328214973,0.0,0.0,0.0
2024-12-27,-0.00435405135087521,0.654605592418376,1654.605592418376,-0.0035908533782749164,-0.02387726194526696,0.0,0.005697858569165826,0.0
2024-12-30,-0.00010188339404397788,0.6544370155848163,1654.4370155848162,0.007896574014221058,-0.008405990984440947,0.0,0.0,0.0
2024-12-31,0.0004509582863585493,0.6551830976662525,1655.1830976662525,0.0,0.0022547914317927464,0.0,0.0,0.0
2025-01-02,-0.006910296300815544,0.643745292029277,1643.745292029277,0.0,-0.03455148150407772,0.0,0.0,0.0
2025-01-03,0.003161590006317439,0.6489421407174882,1648.9421407174882,-0.004831014421429303,0.020638964453016495,0.0,0.0,0.0
2025-01-06,0.0013036445241514372,0.651091775109877,1651.091775109877,0.00385483789026253,0.0026633847304946556,0.0,0.0,0.0
2025-01-07,-0.0004968693003271519,0.6502713982948023,1650.2713982948023,0.0012787165148360202,-0.0037630630164717793,0.0,0.0,0.0
2025-01-08,0.009085315588431776,0.6652646347548732,1665.2646347548732,0.013929332603849431,0.03149724533830944,0.0,0.0,0.0
2025-01-09,0.0019140174458613492,0.66845198031777,1668.45198031777,-0.0012884206551004862,0.0,0.0,0.0,0.010858507884407231
2025-01-10,0.0017005575331091372,0.6712892789015301,1671.2892789015302,0.013170560320348024,0.0,0.0,0.0,-0.004667772654802338
2025-01-13,-0.0011126132028537407,0.6694297803840363,1669.4297803840363,0.0,0.0,0.0,0.0,-0.005563066014268703
2025-01-14,-0.001179817427185137,0.6674601580356774,1667.4601580356773,0.0,0.0,0.002997351061062803,0.0,-0.008896438196988488
2025-01-15,-0.002397371330879983,0.6634626368574179,1663.462636857418,0.0,0.0,-0.008918205392027145,0.0,-0.003068651262372768
2025-01-16,-0.0016874418660080437,0.6606556403614448,1660.6556403614447,0.0,0.0,-0.0007780034510609379,0.0,-0.0076592058789792805
2025-01-17,0.0025940026719298184,0.6649633855296977,1664.9633855296977,0.0,0.0,0.005301158507710735,0.0,0.007668854851938356
2025-01-20,0.0007244857827900298,0.6661696278313798,1666.1696278313798,0.0,0.0,0.0,0.0,0.0036224289139501487
2025-01-21,-0.0002019268748506109,0.6658331834054607,1665.8331834054607,-0.00021360298277850465,-0.0007960313914745498,0.0,0.0,0.0
2025-01-22,0.0011750872997710938,0.6677906828228177,1667.7906828228176,0.005940975994416342,-6.553949556087346e-05,0.0,0.0,0.0
2025-01-23,-0.0006735201028744474,0.6666673922705497,1666.6673922705497,0.0,0.003424754872984437,0.003423645964493849,0.0,-0.010216001351850523
2025-01-24,0.0018534150383810568,0.6697564186793634,1669.7564186793634,0.0,0.0,-0.009283301301872715,0.0,0.018550376493777998
2025-01-27,-0.0024603688677721225,0.665648201970082,1665.648201970082,0.0,0.0,-0.0037290992920991917,0.0,-0.00857274504676142
2025-01-28,0.004356413515330626,0.6729044543089306,1672.9044543089306,0.0,0.0,0.0026211556383970436,0.0,0.019160911938256087
2025-01-29,-0.001998869765646072,0.6695605361743977,1669.5605361743976,0.0,0.0,-0.002948884658964257,-0.007045464169266102,0.0
2025-01-30,0.003496708551698169,0.6753985027788165,1675.3985027788165,0.0,0.0,0.0023086933888599726,0.015174849369630872,0.0
2025-01-31,0.0016428992462025117,0.6781510137161206,1678.1510137161206,0.007489925187798674,0.0007245710432138841,0.0,0.0,0.0
2025-02-03,0.003809302174640772,0.6845435980220451,1684.5435980220452,0.0148925644334722,0.005364360417460579,-0.0012104139777289191,0.0,0.0
2025-02-04,0.0018470316279056485,0.6876550033261777,1687.6550033261776,0.0,-0.002197288088016336,0.01143244622754458,0.0,0.0
2025-02-05,-0.00309820182391245,0.6824263075167376,1682.4263075167376,0.0,-0.015491009119562249,0.0,0.0,0.0
